time,timestamps,ax,ay,az,mag
18:30:01.813,11908,-0.67,-0.79,-0.12,1.04
18:30:01.819,11916,-0.67,-0.78,-0.12,1.04
18:30:01.830,11924,-0.68,-0.76,-0.11,1.03
18:30:01.839,11932,-0.69,-0.76,-0.09,1.04
18:30:01.843,11940,-0.68,-0.79,-0.10,1.05
18:30:01.854,11948,-0.67,-0.83,-0.11,1.07
18:30:01.860,11956,-0.66,-0.84,-0.11,1.07
18:30:01.867,11964,-0.66,-0.82,-0.10,1.06
18:30:01.878,11972,-0.66,-0.82,-0.11,1.06
18:30:01.884,11980,-0.66,-0.83,-0.11,1.07
18:30:01.892,11988,-0.67,-0.84,-0.10,1.08
18:30:01.908,11996,-0.68,-0.83,-0.10,1.08
18:30:01.909,12004,-0.68,-0.82,-0.11,1.07
18:30:01.961,12012,-0.67,-0.81,-0.11,1.06
18:30:01.962,12020,-0.68,-0.81,-0.11,1.06
18:30:01.964,12028,-0.67,-0.81,-0.13,1.06
18:30:01.964,12036,-0.67,-0.81,-0.13,1.06
18:30:01.965,12044,-0.67,-0.81,-0.14,1.06
18:30:01.966,12052,-0.68,-0.82,-0.12,1.07
18:30:01.993,12060,-0.67,-0.81,-0.11,1.06
18:30:01.995,12068,-0.68,-0.80,-0.10,1.06
18:30:01.998,12076,-0.68,-0.80,-0.10,1.06
18:30:01.998,12084,-0.68,-0.81,-0.10,1.06
18:30:01.998,12092,-0.67,-0.81,-0.10,1.06
18:30:02.027,12100,-0.67,-0.81,-0.11,1.06
18:30:02.028,12108,-0.66,-0.81,-0.11,1.05
18:30:02.030,12116,-0.66,-0.81,-0.11,1.05
18:30:02.031,12124,-0.66,-0.80,-0.12,1.05
18:30:02.068,12132,-0.66,-0.80,-0.12,1.04
18:30:02.070,12140,-0.67,-0.79,-0.11,1.04
18:30:02.071,12148,-0.67,-0.79,-0.11,1.04
18:30:02.072,12156,-0.68,-0.79,-0.11,1.05
18:30:02.074,12164,-0.67,-0.81,-0.12,1.06
18:30:02.075,12172,-0.66,-0.83,-0.12,1.07
18:30:02.111,12180,-0.66,-0.84,-0.11,1.07
18:30:02.111,12188,-0.66,-0.82,-0.10,1.06
18:30:02.112,12196,-0.67,-0.80,-0.09,1.05
18:30:02.114,12204,-0.68,-0.80,-0.09,1.06
18:30:02.115,12212,-0.67,-0.80,-0.10,1.05
18:30:02.148,12220,-0.67,-0.81,-0.10,1.06
18:30:02.161,12228,-0.67,-0.81,-0.10,1.06
18:30:02.162,12236,-0.67,-0.81,-0.11,1.06
18:30:02.164,12244,-0.68,-0.80,-0.12,1.06
18:30:02.181,12252,-0.69,-0.80,-0.13,1.06
18:30:02.194,12260,-0.69,-0.79,-0.14,1.06
18:30:02.195,12268,-0.69,-0.78,-0.13,1.05
18:30:02.196,12276,-0.69,-0.78,-0.15,1.05
18:30:02.210,12284,-0.69,-0.78,-0.17,1.05
18:30:02.211,12292,-0.70,-0.78,-0.17,1.06
18:30:02.213,12300,-0.71,-0.77,-0.19,1.06
18:30:02.214,12308,-0.72,-0.76,-0.20,1.07
18:30:02.220,12316,-0.74,-0.74,-0.21,1.07
18:30:02.227,12324,-0.76,-0.72,-0.22,1.07
18:30:02.235,12332,-0.77,-0.69,-0.24,1.07
18:30:02.249,12340,-0.78,-0.68,-0.25,1.07
18:30:02.251,12348,-0.79,-0.68,-0.27,1.08
18:30:02.261,12356,-0.79,-0.67,-0.28,1.07
18:30:02.268,12364,-0.80,-0.66,-0.27,1.08
18:30:02.276,12372,-0.81,-0.65,-0.27,1.07
18:30:02.286,12380,-0.83,-0.63,-0.28,1.08
18:30:02.291,12388,-0.84,-0.63,-0.29,1.09
18:30:02.303,12396,-0.85,-0.62,-0.29,1.09
18:30:02.308,12404,-0.85,-0.62,-0.30,1.09
18:30:02.315,12412,-0.85,-0.62,-0.28,1.09
18:30:02.326,12420,-0.85,-0.65,-0.28,1.10
18:30:02.331,12428,-0.84,-0.65,-0.26,1.10
18:30:02.345,12436,-0.85,-0.68,-0.23,1.11
18:30:02.347,12444,-0.83,-0.72,-0.21,1.12
18:30:02.356,12452,-0.81,-0.77,-0.18,1.13
18:30:02.366,12460,-0.81,-0.81,-0.18,1.16
18:30:02.377,12468,-0.80,-0.84,-0.14,1.17
18:30:02.380,12476,-0.78,-0.88,-0.10,1.18
18:30:02.389,12484,-0.79,-0.89,-0.09,1.19
18:30:02.399,12492,-0.79,-0.91,-0.05,1.21
18:30:02.404,12500,-0.80,-0.93,-0.07,1.23
18:30:02.411,12508,-0.80,-0.93,-0.06,1.23
18:30:02.421,12516,-0.75,-0.94,-0.03,1.20
18:30:02.432,12524,-0.71,-0.91,-0.02,1.16
18:30:02.435,12532,-0.68,-0.91,-0.02,1.14
18:30:02.444,12540,-0.67,-0.91,-0.01,1.13
18:30:02.452,12548,-0.65,-0.92,-0.01,1.13
18:30:02.462,12556,-0.62,-0.95,-0.01,1.14
18:30:02.468,12564,-0.60,-0.97,-0.01,1.14
18:30:02.478,12572,-0.58,-0.99,-0.03,1.15
18:30:02.486,12580,-0.57,-0.99,-0.04,1.15
18:30:02.491,12588,-0.56,-1.00,-0.06,1.15
18:30:02.504,12596,-0.55,-1.00,-0.07,1.14
18:30:02.507,12604,-0.54,-0.97,-0.07,1.12
18:30:02.517,12612,-0.55,-0.96,-0.06,1.11
18:30:02.523,12620,-0.56,-0.94,-0.05,1.10
18:30:02.534,12628,-0.58,-0.89,-0.04,1.06
18:30:02.543,12636,-0.59,-0.87,-0.03,1.05
18:30:02.548,12644,-0.59,-0.85,-0.02,1.04
18:30:02.556,12652,-0.58,-0.86,0.00,1.03
18:30:02.566,12660,-0.60,-0.85,0.01,1.04
18:30:02.572,12668,-0.62,-0.83,0.02,1.04
18:30:02.589,12676,-0.60,-0.83,0.05,1.02
18:30:02.590,12684,-0.61,-0.82,0.04,1.02
18:30:02.595,12692,-0.61,-0.81,0.05,1.01
18:30:02.631,12700,-0.61,-0.82,0.03,1.02
18:30:02.633,12708,-0.61,-0.84,0.01,1.04
18:30:02.633,12716,-0.64,-0.84,-0.01,1.05
18:30:02.634,12724,-0.64,-0.84,-0.02,1.06
18:30:02.635,12732,-0.64,-0.83,-0.03,1.05
18:30:02.671,12740,-0.64,-0.83,-0.04,1.05
18:30:02.673,12748,-0.65,-0.84,-0.03,1.06
18:30:02.674,12756,-0.66,-0.84,-0.05,1.07
18:30:02.675,12764,-0.66,-0.86,-0.06,1.09
18:30:02.676,12772,-0.66,-0.86,-0.05,1.09
18:30:02.712,12780,-0.67,-0.86,-0.06,1.09
18:30:02.714,12788,-0.68,-0.86,-0.05,1.10
18:30:02.715,12796,-0.69,-0.85,-0.06,1.10
18:30:02.716,12804,-0.69,-0.84,-0.07,1.09
18:30:02.718,12812,-0.69,-0.82,-0.08,1.08
18:30:02.754,12820,-0.68,-0.80,-0.10,1.06
18:30:02.756,12828,-0.67,-0.77,-0.10,1.03
18:30:02.757,12836,-0.67,-0.75,-0.10,1.01
18:30:02.758,12844,-0.66,-0.74,-0.07,0.99
18:30:02.759,12852,-0.67,-0.72,-0.08,0.99
18:30:02.792,12860,-0.68,-0.72,-0.10,1.00
18:30:02.793,12868,-0.68,-0.73,-0.11,1.00
18:30:02.795,12876,-0.66,-0.72,-0.11,0.99
18:30:02.796,12884,-0.65,-0.73,-0.13,0.99
18:30:02.796,12892,-0.66,-0.73,-0.14,1.00
18:30:02.830,12900,-0.67,-0.73,-0.16,1.01
18:30:02.831,12908,-0.69,-0.71,-0.19,1.01
18:30:02.831,12916,-0.72,-0.70,-0.21,1.02
18:30:02.833,12924,-0.74,-0.69,-0.23,1.04
18:30:02.837,12932,-0.75,-0.66,-0.22,1.02
18:30:02.844,12940,-0.75,-0.62,-0.24,1.00
18:30:02.854,12948,-0.76,-0.59,-0.24,0.99
18:30:02.864,12956,-0.78,-0.56,-0.24,0.99
18:30:02.869,12964,-0.81,-0.52,-0.25,0.99
18:30:02.878,12972,-0.83,-0.50,-0.26,1.01
18:30:02.884,12980,-0.85,-0.48,-0.28,1.01
18:30:02.893,12988,-0.83,-0.47,-0.31,1.00
18:30:02.902,12996,-0.81,-0.47,-0.34,0.99
18:30:02.907,13004,-0.78,-0.47,-0.34,0.97
18:30:02.916,13012,-0.76,-0.50,-0.37,0.98
18:30:02.926,13020,-0.77,-0.53,-0.40,1.02
18:30:02.932,13028,-0.75,-0.56,-0.40,1.02
18:30:02.943,13036,-0.74,-0.59,-0.38,1.02
18:30:02.949,13044,-0.72,-0.63,-0.40,1.04
18:30:02.955,13052,-0.68,-0.67,-0.41,1.04
18:30:02.991,13060,-0.66,-0.70,-0.39,1.04
18:30:02.992,13068,-0.62,-0.71,-0.35,1.01
18:30:02.994,13076,-0.60,-0.72,-0.31,0.99
18:30:02.996,13084,-0.60,-0.73,-0.24,0.97
18:30:02.997,13092,-0.59,-0.71,-0.20,0.95
18:30:03.003,13100,-0.56,-0.71,-0.18,0.93
18:30:03.014,13108,-0.52,-0.73,-0.19,0.92
18:30:03.020,13116,-0.49,-0.81,-0.22,0.97
18:30:03.030,13124,-0.61,-0.90,-0.25,1.12
18:30:03.035,13132,-1.20,-0.98,-0.43,1.61
18:30:03.044,13140,-1.68,-1.14,-0.48,2.09
18:30:03.054,13148,-1.59,-1.08,-0.23,1.93
18:30:03.060,13156,-1.09,-1.10,-0.21,1.57
18:30:03.070,13164,-0.78,-0.71,-0.16,1.07
18:30:03.075,13172,-1.06,-0.24,-0.08,1.08
18:30:03.085,13180,-1.08,-0.00,0.19,1.09
18:30:03.091,13188,-1.04,-0.13,0.02,1.05
18:30:03.100,13196,-1.26,-0.28,0.13,1.30
18:30:03.109,13204,-1.16,-0.65,0.26,1.35
18:30:03.119,13212,-1.03,-0.92,0.28,1.41
18:30:03.124,13220,-0.57,-0.99,0.36,1.20
18:30:03.134,13228,-0.54,-0.92,-0.09,1.07
18:30:03.140,13236,-0.45,-0.93,-0.38,1.10
18:30:03.149,13244,-0.46,-0.93,-0.48,1.15
18:30:03.159,13252,-0.49,-0.92,-0.36,1.11
18:30:03.164,13260,-0.57,-0.93,-0.29,1.13
18:30:03.171,13268,-0.65,-0.90,-0.23,1.13
18:30:03.182,13276,-0.65,-0.87,-0.21,1.10
18:30:03.188,13284,-0.62,-0.88,-0.29,1.11
18:30:03.196,13292,-0.59,-0.90,-0.34,1.13
18:30:03.204,13300,-0.57,-0.91,-0.30,1.12
18:30:03.211,13308,-0.57,-0.93,-0.23,1.11
18:30:03.221,13316,-0.57,-0.93,-0.18,1.11
18:30:03.228,13324,-0.60,-0.89,-0.20,1.09
18:30:03.236,13332,-0.64,-0.85,-0.20,1.08
18:30:03.248,13340,-0.68,-0.82,-0.16,1.07
18:30:03.251,13348,-0.73,-0.74,-0.10,1.04
18:30:03.260,13356,-0.71,-0.76,-0.13,1.05
18:30:03.267,13364,-0.65,-0.84,-0.18,1.07
18:30:03.279,13372,-0.58,-0.90,-0.21,1.09
18:30:03.284,13380,-0.57,-0.91,-0.24,1.10
18:30:03.291,13388,-0.54,-0.98,-0.22,1.14
18:30:03.345,13396,-0.57,-0.94,-0.18,1.12
18:30:03.346,13404,-0.63,-0.88,-0.15,1.09
18:30:03.347,13412,-0.66,-0.81,-0.12,1.05
18:30:03.349,13420,-0.69,-0.77,-0.09,1.04
18:30:03.350,13428,-0.69,-0.79,-0.13,1.06
18:30:03.351,13436,-0.71,-0.80,-0.18,1.08
18:30:03.387,13444,-0.69,-0.82,-0.25,1.10
18:30:03.388,13452,-0.66,-0.83,-0.27,1.09
18:30:03.391,13460,-0.64,-0.84,-0.30,1.10
18:30:03.393,13468,-0.63,-0.85,-0.31,1.10
18:30:03.393,13476,-0.63,-0.83,-0.31,1.09
18:30:03.393,13484,-0.68,-0.78,-0.31,1.08
18:30:03.429,13492,-0.71,-0.74,-0.28,1.06
18:30:03.429,13500,-0.76,-0.71,-0.28,1.08
18:30:03.435,13508,-0.79,-0.69,-0.27,1.09
18:30:03.470,13516,-0.79,-0.69,-0.27,1.08
18:30:03.513,13524,-0.74,-0.73,-0.31,1.08
18:30:03.518,13532,-0.71,-0.75,-0.33,1.09
18:30:03.522,13540,-0.70,-0.74,-0.34,1.08
18:30:03.522,13548,-0.73,-0.72,-0.34,1.08
18:30:03.541,13556,-0.73,-0.73,-0.31,1.07
18:30:03.542,13564,-0.74,-0.72,-0.26,1.07
18:30:03.544,13572,-0.72,-0.71,-0.28,1.05
18:30:03.559,13580,-0.69,-0.72,-0.26,1.04
18:30:03.559,13588,-0.66,-0.77,-0.23,1.04
18:30:03.559,13596,-0.65,-0.81,-0.17,1.05
18:30:03.559,13604,-0.62,-0.85,-0.14,1.06
18:30:03.559,13612,-0.60,-0.87,-0.11,1.06
18:30:03.559,13620,-0.63,-0.88,-0.12,1.08
18:30:03.559,13628,-0.64,-0.87,-0.12,1.09
18:30:03.559,13636,-0.63,-0.88,-0.11,1.08
18:30:03.560,13644,-0.60,-0.88,-0.12,1.07
18:30:03.574,13652,-0.58,-0.87,-0.13,1.06
18:30:03.576,13660,-0.58,-0.91,-0.12,1.08
18:30:03.577,13668,-0.60,-0.95,-0.10,1.12
18:30:03.590,13676,-0.63,-0.99,-0.10,1.18
18:30:03.593,13684,-0.66,-1.04,-0.12,1.24
18:30:03.596,13692,-0.69,-1.01,-0.15,1.23
18:30:03.610,13700,-0.71,-0.95,-0.13,1.19
18:30:03.611,13708,-0.74,-0.88,-0.14,1.16
18:30:03.622,13716,-0.77,-0.85,-0.15,1.16
18:30:03.628,13724,-0.76,-0.87,-0.21,1.17
18:30:03.635,13732,-0.71,-0.87,-0.22,1.15
18:30:03.649,13740,-0.71,-0.87,-0.26,1.15
18:30:03.651,13748,-0.68,-0.82,-0.23,1.09
18:30:03.663,13756,-0.67,-0.80,-0.26,1.08
18:30:03.667,13764,-0.68,-0.84,-0.23,1.11
18:30:03.679,13772,-0.71,-0.88,-0.23,1.15
18:30:03.684,13780,-0.72,-0.88,-0.20,1.15
18:30:03.691,13788,-0.74,-0.87,-0.22,1.17
18:30:03.702,13796,-0.78,-0.84,-0.17,1.16
18:30:03.707,13804,-0.77,-0.81,-0.18,1.14
18:30:03.718,13812,-0.78,-0.88,-0.32,1.22
18:30:03.728,13820,-0.72,-0.99,-0.39,1.29
18:30:03.731,13828,-0.84,-0.92,-0.32,1.28
18:30:03.743,13836,-0.97,-0.83,-0.26,1.30
18:30:03.748,13844,-1.03,-0.76,-0.30,1.31
18:30:03.756,13852,-1.03,-0.69,-0.27,1.26
18:30:03.772,13860,-1.04,-0.65,-0.23,1.25
18:30:03.774,13868,-1.08,-0.68,-0.17,1.29
18:30:03.780,13876,-1.22,-0.74,-0.18,1.43
18:30:03.791,13884,-1.46,-0.76,-0.26,1.67
18:30:03.795,13892,-1.65,-0.72,-0.30,1.82
18:30:03.806,13900,-1.50,-0.68,-0.26,1.67
18:30:03.815,13908,-1.16,-0.77,-0.29,1.42
18:30:03.820,13916,-0.85,-0.89,-0.38,1.29
18:30:03.831,13924,-0.67,-0.93,-0.39,1.21
18:30:03.836,13932,-0.46,-1.03,-0.27,1.16
18:30:03.851,13940,-0.40,-1.23,-0.12,1.30
18:30:03.852,13948,-0.36,-1.36,0.20,1.42
18:30:03.863,13956,-0.34,-1.50,0.25,1.56
18:30:03.867,13964,-0.29,-1.66,0.28,1.71
18:30:03.875,13972,-0.25,-1.76,0.29,1.80
18:30:03.892,13980,0.09,-1.84,0.22,1.85
18:30:03.892,13988,0.37,-1.79,-0.00,1.83
18:30:03.903,13996,0.28,-1.66,-0.06,1.69
18:30:03.911,14004,0.19,-1.41,-0.12,1.43
18:30:03.915,14012,-0.01,-1.36,0.43,1.42
18:30:03.924,14020,-0.03,-1.15,0.68,1.33
18:30:03.931,14028,-0.27,-0.92,0.60,1.13
18:30:03.940,14036,-0.37,-0.66,0.51,0.91
18:30:03.950,14044,-0.43,-0.71,0.58,1.01
18:30:03.955,14052,-0.37,-0.69,0.51,0.93
18:30:03.969,14060,-0.22,-0.69,0.45,0.85
18:30:03.972,14068,-0.17,-0.75,0.53,0.93
18:30:03.980,14076,-0.02,-0.64,0.34,0.72
18:30:03.990,14084,0.07,-0.68,0.35,0.77
18:30:03.995,14092,0.10,-0.68,0.31,0.75
18:30:04.004,14100,0.18,-0.71,0.25,0.78
18:30:04.014,14108,0.14,-0.78,0.24,0.83
18:30:04.023,14116,0.13,-0.82,0.20,0.86
18:30:04.028,14124,0.12,-0.85,0.20,0.88
18:30:04.037,14132,0.13,-0.84,0.21,0.88
18:30:04.047,14140,0.12,-0.83,0.21,0.87
18:30:04.051,14148,0.12,-0.81,0.23,0.85
18:30:04.061,14156,0.12,-0.78,0.27,0.83
18:30:04.071,14164,0.08,-0.75,0.29,0.81
18:30:04.075,14172,0.04,-0.76,0.29,0.81
18:30:04.085,14180,0.02,-0.78,0.30,0.84
18:30:04.125,14188,-0.01,-0.79,0.30,0.84
18:30:04.127,14196,-0.02,-0.79,0.32,0.85
18:30:04.128,14204,-0.06,-0.79,0.36,0.87
18:30:04.129,14212,-0.09,-0.79,0.41,0.89
18:30:04.130,14220,-0.10,-0.81,0.45,0.93
18:30:04.131,14228,-0.12,-0.84,0.46,0.96
18:30:04.167,14236,-0.12,-0.87,0.43,0.98
18:30:04.167,14244,-0.13,-0.92,0.39,1.01
18:30:04.170,14252,-0.15,-0.98,0.35,1.05
18:30:04.172,14260,-0.17,-1.01,0.27,1.06
18:30:04.172,14268,-0.18,-1.02,0.25,1.07
18:30:04.208,14276,-0.20,-1.00,0.20,1.03
18:30:04.208,14284,-0.29,-0.99,0.25,1.06
18:30:04.210,14292,-0.33,-0.98,0.27,1.07
18:30:04.211,14300,-0.42,-0.93,0.13,1.03
18:30:04.212,14308,-0.49,-1.03,-0.12,1.15
18:30:04.249,14316,-0.63,-1.11,0.24,1.30
18:30:04.250,14324,-0.69,-0.88,0.11,1.12
18:30:04.251,14332,-0.71,-1.00,-0.04,1.23
18:30:04.254,14340,-0.76,-0.96,-0.09,1.22
18:30:04.254,14348,-0.67,-0.97,-0.22,1.20
18:30:04.290,14356,-0.58,-0.92,-0.32,1.13
18:30:04.291,14364,-0.50,-0.72,-0.42,0.97
18:30:04.292,14372,-0.51,-0.43,-0.47,0.82
18:30:04.296,14380,-0.53,-0.25,-0.65,0.87
18:30:04.296,14388,-0.42,-0.24,-1.11,1.21
18:30:04.324,14396,-0.53,-0.04,-0.65,0.84
18:30:04.325,14404,-0.43,-0.38,-0.20,0.61
18:30:04.327,14412,-0.57,-0.17,-0.58,0.83
18:30:04.329,14420,-0.51,-0.63,-0.52,0.96
18:30:04.354,14428,-0.37,-0.68,-0.19,0.80
18:30:04.355,14436,-0.32,-0.71,-0.19,0.81
18:30:04.357,14444,-0.40,-0.77,-0.15,0.87
18:30:04.358,14452,-0.66,-0.82,-0.15,1.07
18:30:04.364,14460,-1.89,-0.76,-0.40,2.08
18:30:04.372,14468,-2.13,-2.00,-0.95,3.07
18:30:04.388,14476,-1.95,-1.26,-0.05,2.32
18:30:04.389,14484,-1.02,-1.38,0.37,1.76
18:30:04.395,14492,-0.69,-0.68,0.09,0.98
18:30:04.404,14500,-0.64,-0.18,0.25,0.71
18:30:04.412,14508,-0.51,-0.27,0.07,0.58
18:30:04.420,14516,-0.31,-0.62,0.02,0.70
18:30:04.429,14524,-0.40,-1.00,0.11,1.08
18:30:04.435,14532,-0.15,-1.35,0.25,1.38
18:30:04.446,14540,-0.01,-1.65,0.51,1.73
18:30:04.451,14548,-0.08,-1.74,0.46,1.80
18:30:04.461,14556,-0.34,-1.52,0.21,1.57
18:30:04.471,14564,-0.51,-1.33,-0.00,1.43
18:30:04.475,14572,-0.63,-0.93,-0.04,1.12
18:30:04.488,14580,-0.69,-0.67,-0.04,0.97
18:30:04.491,14588,-0.69,-0.56,-0.18,0.91
18:30:04.501,14596,-0.68,-0.68,-0.13,0.97
18:30:04.511,14604,-0.55,-0.93,-0.16,1.09
18:30:04.515,14612,-0.49,-1.13,-0.27,1.27
18:30:04.525,14620,-0.43,-1.22,-0.45,1.37
18:30:04.531,14628,-0.36,-1.20,-0.62,1.39
18:30:04.541,14636,-0.41,-1.04,-0.62,1.28
18:30:04.550,14644,-0.53,-0.88,-0.45,1.12
18:30:04.555,14652,-0.60,-0.81,-0.30,1.05
18:30:04.564,14660,-0.69,-0.80,-0.21,1.07
18:30:04.574,14668,-0.72,-0.82,-0.25,1.11
18:30:04.580,14676,-0.67,-0.85,-0.27,1.12
18:30:04.589,14684,-0.63,-0.90,-0.35,1.15
18:30:04.598,14692,-0.61,-0.90,-0.33,1.14
18:30:04.604,14700,-0.59,-0.90,-0.33,1.13
18:30:04.614,14708,-0.62,-0.92,-0.31,1.15
18:30:04.622,14716,-0.63,-0.92,-0.24,1.13
18:30:04.628,14724,-0.68,-0.84,-0.21,1.10
18:30:04.639,14732,-0.75,-0.78,-0.15,1.09
18:30:04.644,14740,-0.72,-0.84,-0.15,1.12
18:30:04.654,14748,-0.63,-0.93,-0.26,1.16
18:30:04.660,14756,-0.66,-0.86,-0.19,1.10
18:30:04.670,14764,-0.64,-0.85,-0.20,1.08
18:30:04.679,14772,-0.64,-0.81,-0.24,1.06
18:30:04.684,14780,-0.61,-0.80,-0.17,1.02
18:30:04.692,14788,-0.62,-0.74,-0.18,0.99
18:30:04.703,14796,-0.68,-0.68,-0.18,0.97
18:30:04.709,14804,-0.66,-0.67,-0.22,0.97
18:30:04.719,14812,-0.67,-0.69,-0.09,0.96
18:30:04.724,14820,-0.61,-0.78,-0.14,1.00
18:30:04.731,14828,-0.64,-0.82,-0.15,1.05
18:30:04.750,14836,-0.67,-0.81,-0.16,1.06
18:30:04.751,14844,-0.63,-0.81,-0.13,1.03
18:30:04.756,14852,-0.60,-0.83,-0.11,1.03
18:30:04.765,14860,-0.59,-0.84,-0.09,1.04
18:30:04.771,14868,-0.57,-0.87,-0.06,1.04
18:30:04.785,14876,-0.56,-0.91,-0.03,1.07
18:30:04.788,14884,-0.57,-0.97,-0.02,1.12
18:30:04.796,14892,-0.58,-0.98,-0.02,1.14
18:30:04.810,14900,-0.61,-0.95,0.02,1.13
18:30:04.812,14908,-0.64,-0.94,0.02,1.14
18:30:04.866,14916,-0.63,-0.90,-0.02,1.10
18:30:04.867,14924,-0.61,-0.86,-0.06,1.05
18:30:04.952,14932,-0.61,-0.85,-0.07,1.05
18:30:05.003,14940,-0.66,-0.85,-0.08,1.08
18:30:05.005,14948,-0.70,-0.90,-0.12,1.14
18:30:05.005,14956,-0.66,-0.94,-0.18,1.17
18:30:05.007,14964,-0.73,-0.88,-0.19,1.16
18:30:05.008,14972,-0.74,-0.85,-0.17,1.14
18:30:05.041,14980,-0.73,-0.84,-0.18,1.13
18:30:05.044,14988,-0.74,-0.82,-0.21,1.12
18:30:05.044,14996,-0.68,-0.86,-0.24,1.12
18:30:05.044,15004,-0.66,-0.86,-0.23,1.10
18:30:05.044,15012,-0.62,-0.91,-0.24,1.13
18:30:05.044,15020,-0.65,-0.90,-0.20,1.13
18:30:05.044,15028,-0.64,-0.90,-0.19,1.12
18:30:05.044,15036,-0.66,-0.87,-0.20,1.11
18:30:05.044,15044,-0.67,-0.81,-0.19,1.07
18:30:05.044,15052,-0.67,-0.82,-0.24,1.09
18:30:05.044,15060,-0.71,-0.82,-0.26,1.12
18:30:05.044,15068,-0.75,-0.86,-0.21,1.16
18:30:05.044,15076,-0.72,-1.01,-0.31,1.28
18:30:05.050,15084,-0.79,-1.12,-0.42,1.43
18:30:05.050,15092,-0.96,-0.98,-0.34,1.42
18:30:05.050,15100,-1.08,-0.86,-0.24,1.41
18:30:05.050,15108,-1.12,-0.80,-0.35,1.43
18:30:05.050,15116,-1.19,-0.72,-0.33,1.43
18:30:05.050,15124,-1.31,-0.67,-0.35,1.51
18:30:05.050,15132,-1.52,-0.68,-0.35,1.70
18:30:05.052,15140,-1.69,-0.71,-0.39,1.87
18:30:05.053,15148,-1.70,-0.74,-0.34,1.89
18:30:05.060,15156,-1.53,-0.80,-0.27,1.75
18:30:05.069,15164,-1.04,-0.98,-0.15,1.44
18:30:05.079,15172,-0.75,-0.87,-0.48,1.24
18:30:05.091,15180,-0.52,-1.02,-0.56,1.27
18:30:05.091,15188,-0.31,-1.27,-0.24,1.33
18:30:05.102,15196,-0.17,-1.49,0.04,1.50
18:30:05.108,15204,-0.13,-1.68,0.09,1.68
18:30:05.119,15212,0.04,-1.87,0.07,1.87
18:30:05.124,15220,0.15,-1.79,-0.08,1.80
18:30:05.134,15228,0.32,-2.00,0.10,2.03
18:30:05.140,15236,0.29,-1.84,0.04,1.86
18:30:05.151,15244,0.03,-1.56,0.34,1.60
18:30:05.156,15252,-0.26,-1.17,0.33,1.25
18:30:05.167,15260,-0.48,-0.91,0.46,1.13
18:30:05.171,15268,-0.64,-0.81,0.49,1.15
18:30:05.180,15276,-0.53,-0.76,0.55,1.08
18:30:05.188,15284,-0.39,-0.76,0.54,1.01
18:30:05.198,15292,-0.20,-0.82,0.39,0.93
18:30:05.204,15300,-0.01,-0.93,0.20,0.96
18:30:05.211,15308,0.04,-0.96,0.17,0.98
18:30:05.221,15316,0.23,-0.91,0.25,0.97
18:30:05.228,15324,0.26,-0.83,0.21,0.90
18:30:05.236,15332,0.17,-0.82,0.20,0.86
18:30:05.247,15340,0.06,-0.81,0.21,0.84
18:30:05.252,15348,-0.01,-0.81,0.26,0.85
18:30:05.260,15356,-0.02,-0.85,0.30,0.90
18:30:05.267,15364,-0.02,-0.82,0.28,0.87
18:30:05.278,15372,0.00,-0.83,0.24,0.86
18:30:05.284,15380,0.06,-0.82,0.23,0.86
18:30:05.293,15388,0.11,-0.81,0.26,0.85
18:30:05.300,15396,0.12,-0.81,0.28,0.87
18:30:05.310,15404,0.12,-0.82,0.28,0.87
18:30:05.315,15412,0.08,-0.83,0.28,0.87
18:30:05.324,15420,0.06,-0.83,0.27,0.88
18:30:05.331,15428,0.05,-0.83,0.30,0.88
18:30:05.342,15436,0.04,-0.82,0.33,0.89
18:30:05.347,15444,-0.04,-0.81,0.37,0.89
18:30:05.358,15452,-0.08,-0.78,0.41,0.89
18:30:05.364,15460,-0.11,-0.77,0.44,0.90
18:30:05.374,15468,-0.15,-0.79,0.41,0.90
18:30:05.383,15476,-0.14,-0.83,0.38,0.92
18:30:05.388,15484,-0.12,-0.88,0.32,0.95
18:30:05.396,15492,-0.12,-0.95,0.27,1.00
18:30:05.406,15500,-0.10,-1.01,0.21,1.04
18:30:05.411,15508,-0.10,-1.05,0.20,1.08
18:30:05.421,15516,-0.14,-1.08,0.18,1.10
18:30:05.431,15524,-0.20,-1.06,0.20,1.10
18:30:05.436,15532,-0.28,-1.04,0.22,1.10
18:30:05.444,15540,-0.34,-1.08,0.24,1.16
18:30:05.451,15548,-0.45,-0.98,0.20,1.09
18:30:05.461,15556,-0.59,-0.89,-0.01,1.07
18:30:05.475,15564,-0.57,-0.86,-0.08,1.03
18:30:05.476,15572,-0.52,-0.80,-0.03,0.95
18:30:05.485,15580,-0.56,-0.73,0.11,0.93
18:30:05.492,15588,-0.62,-0.75,0.02,0.98
18:30:05.501,15596,-0.75,-0.98,-0.30,1.27
18:30:05.508,15604,-0.52,-0.86,-0.16,1.01
18:30:05.516,15612,-0.44,-0.81,-0.46,1.03
18:30:05.551,15620,-0.39,-0.61,-0.57,0.92
18:30:05.553,15628,-0.43,-0.44,-0.61,0.86
18:30:05.555,15636,-0.48,-0.34,-0.62,0.85
18:30:05.556,15644,-0.53,-0.33,-0.66,0.91
18:30:05.557,15652,-0.55,-0.40,-0.67,0.95
18:30:05.568,15660,-0.52,-0.45,-0.52,0.86
18:30:05.571,15668,-0.48,-0.44,-0.34,0.74
18:30:05.612,15676,-0.48,-0.47,-0.22,0.71
18:30:05.613,15684,-0.48,-0.54,-0.12,0.73
18:30:05.614,15692,-0.50,-0.57,0.02,0.76
18:30:05.615,15700,-0.80,-0.73,-0.21,1.10
18:30:05.616,15708,-1.98,-1.20,-0.88,2.48
18:30:05.653,15716,-2.13,-1.54,-0.69,2.71
18:30:05.655,15724,-1.90,-1.83,-0.39,2.67
18:30:05.655,15732,-0.43,-1.86,-0.23,1.92
18:30:05.656,15740,-0.11,-0.93,-0.24,0.96
18:30:05.657,15748,-0.23,-0.38,0.07,0.45
18:30:05.659,15756,-0.23,-0.19,0.22,0.37
18:30:05.695,15764,-0.47,-0.27,0.27,0.60
18:30:05.698,15772,-0.45,-0.39,0.79,0.99
18:30:05.698,15780,-0.29,-0.95,0.89,1.33
18:30:05.699,15788,-0.31,-1.50,0.70,1.68
18:30:05.700,15796,-0.34,-1.68,0.58,1.81
18:30:05.738,15804,-0.59,-1.61,0.05,1.72
18:30:05.740,15812,-0.75,-1.28,0.09,1.48
18:30:05.777,15820,-0.83,-0.86,0.26,1.22
18:30:05.778,15828,-0.80,-0.44,0.24,0.95
18:30:05.779,15836,-0.89,-0.44,0.02,0.99
18:30:05.781,15844,-0.63,-0.58,0.02,0.86
18:30:05.781,15852,-0.37,-1.04,-0.41,1.18
18:30:05.802,15860,-0.35,-1.14,-0.25,1.22
18:30:05.803,15868,-0.15,-1.41,-0.36,1.46
18:30:05.803,15876,-0.10,-1.48,-0.64,1.62
18:30:05.804,15884,-0.04,-1.59,-0.89,1.82
18:30:05.805,15892,-0.21,-1.30,-0.81,1.55
18:30:05.806,15900,-0.48,-0.97,-0.43,1.16
18:30:05.811,15908,-0.64,-0.80,-0.23,1.05
18:30:05.822,15916,-0.80,-0.64,-0.12,1.03
18:30:05.827,15924,-0.91,-0.53,-0.05,1.05
18:30:05.835,15932,-0.93,-0.48,-0.06,1.05
18:30:05.849,15940,-1.05,-0.42,-0.03,1.13
18:30:05.851,15948,-0.84,-0.66,-0.23,1.09
18:30:05.862,15956,-0.66,-0.86,-0.33,1.13
18:30:05.867,15964,-0.54,-1.00,-0.39,1.20
18:30:05.875,15972,-0.45,-1.10,-0.43,1.27
18:30:05.884,15980,-0.43,-1.05,-0.47,1.23
18:30:05.894,15988,-0.53,-0.91,-0.42,1.14
18:30:05.903,15996,-0.71,-0.75,-0.25,1.06
18:30:05.907,16004,-0.74,-0.69,-0.13,1.02
18:30:05.918,16012,-0.87,-0.63,-0.14,1.08
18:30:05.923,16020,-0.88,-0.63,-0.12,1.08
18:30:05.931,16028,-0.82,-0.59,-0.08,1.01
18:30:05.941,16036,-0.67,-0.67,0.22,0.97
18:30:05.950,16044,-0.69,-0.61,-0.17,0.94
18:30:05.955,16052,-0.66,-0.81,-0.22,1.07
18:30:05.964,16060,-0.57,-0.86,-0.25,1.06
18:30:05.975,16068,-0.61,-0.83,-0.23,1.06
18:30:05.982,16076,-0.66,-0.82,-0.21,1.07
18:30:05.991,16084,-0.64,-0.84,-0.17,1.07
18:30:05.995,16092,-0.61,-0.82,-0.14,1.03
18:30:06.011,16100,-0.61,-0.83,-0.13,1.03
18:30:06.013,16108,-0.59,-0.85,-0.14,1.05
18:30:06.020,16116,-0.55,-0.89,-0.17,1.06
18:30:06.031,16124,-0.52,-0.92,-0.18,1.07
18:30:06.035,16132,-0.51,-0.94,-0.20,1.09
18:30:06.045,16140,-0.54,-0.96,-0.18,1.11
18:30:06.051,16148,-0.62,-0.95,-0.14,1.14
18:30:06.068,16156,-0.67,-0.95,-0.10,1.17
18:30:06.069,16164,-0.70,-0.93,-0.12,1.17
18:30:06.079,16172,-0.79,-0.86,-0.17,1.18
18:30:06.084,16180,-0.76,-0.95,-0.15,1.22
18:30:06.093,16188,-0.77,-1.00,-0.25,1.29
18:30:06.100,16196,-0.76,-0.96,-0.26,1.25
18:30:06.108,16204,-0.76,-0.90,-0.28,1.21
18:30:06.118,16212,-0.77,-0.85,-0.22,1.16
18:30:06.124,16220,-0.77,-0.86,-0.19,1.17
18:30:06.131,16228,-0.75,-0.90,-0.22,1.20
18:30:06.148,16236,-0.74,-0.89,-0.23,1.18
18:30:06.149,16244,-0.71,-0.87,-0.18,1.13
18:30:06.159,16252,-0.76,-0.82,-0.20,1.14
18:30:06.164,16260,-0.68,-0.85,-0.16,1.09
18:30:06.171,16268,-0.75,-0.84,-0.24,1.15
18:30:06.188,16276,-0.72,-0.87,-0.26,1.16
18:30:06.190,16284,-0.74,-0.91,-0.33,1.22
18:30:06.225,16292,-0.76,-1.08,-0.46,1.40
18:30:06.271,16300,-0.81,-1.14,-0.46,1.47
18:30:06.272,16308,-1.04,-0.99,-0.41,1.50
18:30:06.274,16316,-1.19,-0.86,-0.44,1.53
18:30:06.274,16324,-1.19,-0.77,-0.42,1.48
18:30:06.331,16332,-1.22,-0.70,-0.38,1.46
18:30:06.332,16340,-1.30,-0.66,-0.31,1.49
18:30:06.334,16348,-1.45,-0.66,-0.36,1.64
18:30:06.337,16356,-1.64,-0.71,-0.40,1.83
18:30:06.337,16364,-1.80,-0.69,-0.37,1.97
18:30:06.337,16372,-1.79,-0.71,-0.36,1.96
18:30:06.337,16380,-1.45,-0.75,-0.38,1.67
18:30:06.337,16388,-0.96,-0.75,-0.51,1.33
18:30:06.337,16396,-0.60,-0.89,-0.65,1.26
18:30:06.337,16404,-0.41,-1.19,-0.24,1.28
18:30:06.337,16412,-0.28,-1.35,0.02,1.38
18:30:06.337,16420,-0.26,-1.43,0.15,1.46
18:30:06.337,16428,-0.04,-1.47,0.08,1.47
18:30:06.375,16436,0.21,-1.59,0.35,1.64
18:30:06.377,16444,0.07,-1.93,0.31,1.96
18:30:06.377,16452,0.10,-1.95,0.57,2.03
18:30:06.378,16460,0.18,-1.72,0.43,1.78
18:30:06.380,16468,-0.10,-1.31,0.46,1.39
18:30:06.415,16476,-0.32,-1.04,0.42,1.16
18:30:06.417,16484,-0.48,-0.80,0.47,1.05
18:30:06.418,16492,-0.59,-0.66,0.48,1.01
18:30:06.420,16500,-0.53,-0.68,0.52,1.00
18:30:06.420,16508,-0.40,-0.66,0.63,1.00
18:30:06.456,16516,-0.27,-0.70,0.56,0.94
18:30:06.457,16524,-0.20,-0.73,0.38,0.85
18:30:06.459,16532,-0.07,-0.76,0.32,0.83
18:30:06.460,16540,0.07,-0.64,0.23,0.69
18:30:06.461,16548,0.15,-0.73,0.40,0.85
18:30:06.462,16556,0.15,-0.69,0.29,0.76
18:30:06.498,16564,0.10,-0.77,0.24,0.81
18:30:06.499,16572,-0.01,-0.74,0.25,0.78
18:30:06.500,16580,-0.03,-0.74,0.30,0.80
18:30:06.502,16588,-0.02,-0.74,0.33,0.81
18:30:06.503,16596,-0.01,-0.73,0.35,0.81
18:30:06.514,16604,0.02,-0.72,0.38,0.81
18:30:06.515,16612,0.01,-0.69,0.41,0.81
18:30:06.525,16620,-0.02,-0.68,0.43,0.81
18:30:06.531,16628,-0.06,-0.69,0.42,0.81
18:30:06.539,16636,-0.14,-0.70,0.40,0.81
18:30:06.549,16644,-0.19,-0.67,0.41,0.81
18:30:06.555,16652,-0.21,-0.69,0.44,0.84
18:30:06.565,16660,-0.21,-0.72,0.49,0.90
18:30:06.571,16668,-0.20,-0.79,0.52,0.97
18:30:06.580,16676,-0.16,-0.88,0.49,1.02
18:30:06.591,16684,-0.17,-0.98,0.38,1.06
18:30:06.595,16692,-0.15,-1.08,0.33,1.14
18:30:06.611,16700,-0.09,-1.19,0.23,1.22
18:30:06.612,16708,-0.01,-1.25,0.17,1.26
18:30:06.619,16716,0.08,-1.24,0.16,1.26
18:30:06.628,16724,0.10,-1.22,0.09,1.23
18:30:06.638,16732,0.04,-1.19,0.01,1.19
18:30:06.646,16740,-0.12,-1.06,0.00,1.07
18:30:06.651,16748,-0.28,-0.91,0.05,0.95
18:30:06.662,16756,-0.42,-0.80,0.08,0.90
18:30:06.671,16764,-0.55,-0.77,0.07,0.95
18:30:06.675,16772,-0.66,-0.74,0.24,1.02
18:30:06.687,16780,-0.68,-0.93,0.09,1.16
18:30:06.691,16788,-0.67,-0.95,0.27,1.19
18:30:06.701,16796,-0.65,-1.04,0.12,1.23
18:30:06.708,16804,-0.56,-1.03,-0.09,1.17
18:30:06.719,16812,-0.47,-0.88,-0.15,1.01
18:30:06.723,16820,-0.48,-0.64,-0.20,0.82
18:30:06.732,16828,-0.58,-0.40,-0.23,0.74
18:30:06.742,16836,-0.59,-0.29,-0.28,0.72
18:30:06.748,16844,-0.63,-0.18,-0.20,0.69
18:30:06.755,16852,-0.60,-0.10,-0.27,0.66
18:30:06.771,16860,-0.62,-0.15,-0.57,0.85
18:30:06.773,16868,-0.42,-0.58,-0.45,0.85
18:30:06.784,16876,-0.34,-0.68,-0.49,0.90
18:30:06.787,16884,-0.30,-0.66,-0.13,0.74
18:30:06.798,16892,-0.28,-0.77,-0.20,0.84
18:30:06.806,16900,-0.81,-1.24,-0.43,1.54
18:30:06.830,16908,-2.04,-1.55,-1.06,2.77
18:30:06.831,16916,-2.08,-1.58,-0.53,2.66
18:30:06.832,16924,-1.33,-1.88,-0.22,2.31
18:30:06.835,16932,-0.74,-1.26,0.29,1.49
18:30:06.845,16940,-0.69,-0.55,0.31,0.93
18:30:06.852,16948,-0.57,-0.21,0.23,0.65
18:30:06.861,16956,-0.79,-0.15,0.25,0.84
18:30:06.868,16964,-0.84,-0.18,0.64,1.07
18:30:06.875,16972,-0.50,-0.59,0.62,0.99
18:30:06.884,16980,-0.33,-1.00,0.91,1.39
18:30:06.892,16988,-0.13,-1.54,0.55,1.64
18:30:06.901,16996,-0.33,-1.65,0.39,1.73
18:30:06.910,17004,-0.33,-1.57,-0.01,1.61
18:30:06.915,17012,-0.43,-1.30,-0.27,1.39
18:30:06.932,17020,-0.72,-0.83,-0.15,1.11
18:30:06.933,17028,-0.71,-0.55,-0.08,0.91
18:30:06.943,17036,-0.62,-0.54,-0.13,0.83
18:30:06.948,17044,-0.79,-0.76,0.21,1.12
18:30:06.958,17052,-0.51,-1.09,-0.40,1.27
18:30:06.964,17060,-0.33,-1.21,-0.19,1.26
18:30:06.971,17068,-0.26,-1.50,-0.51,1.61
18:30:06.979,17076,-0.22,-1.46,-0.70,1.63
18:30:06.987,17084,-0.29,-1.22,-0.70,1.44
18:30:06.998,17092,-0.47,-0.89,-0.57,1.15
18:30:07.031,17100,-0.60,-0.77,-0.29,1.02
18:30:07.032,17108,-0.76,-0.67,-0.13,1.03
18:30:07.035,17116,-0.87,-0.63,-0.03,1.08
18:30:07.035,17124,-0.94,-0.63,-0.06,1.13
18:30:07.036,17132,-0.88,-0.67,-0.07,1.11
18:30:07.068,17140,-0.76,-0.78,-0.18,1.11
18:30:07.069,17148,-0.67,-0.88,-0.30,1.15
18:30:07.071,17156,-0.59,-0.95,-0.40,1.18
18:30:07.072,17164,-0.56,-0.94,-0.43,1.18
18:30:07.109,17172,-0.55,-0.90,-0.47,1.15
18:30:07.111,17180,-0.66,-0.81,-0.42,1.13
18:30:07.112,17188,-0.69,-0.78,-0.31,1.09
18:30:07.113,17196,-0.76,-0.74,-0.29,1.10
18:30:07.114,17204,-0.79,-0.70,-0.25,1.08
18:30:07.115,17212,-0.82,-0.66,-0.28,1.09
18:30:07.152,17220,-0.76,-0.66,-0.33,1.06
18:30:07.152,17228,-0.76,-0.64,-0.34,1.05
18:30:07.154,17236,-0.75,-0.65,-0.41,1.07
18:30:07.155,17244,-0.73,-0.65,-0.40,1.05
18:30:07.155,17252,-0.70,-0.67,-0.45,1.07
18:30:07.193,17260,-0.73,-0.68,-0.45,1.09
18:30:07.194,17268,-0.68,-0.74,-0.44,1.10
18:30:07.195,17276,-0.64,-0.79,-0.42,1.10
18:30:07.196,17284,-0.63,-0.85,-0.37,1.12
18:30:07.196,17292,-0.61,-0.87,-0.28,1.10
18:30:07.233,17300,-0.64,-0.87,-0.19,1.09
18:30:07.235,17308,-0.63,-0.91,-0.07,1.11
18:30:07.235,17316,-0.65,-0.87,-0.12,1.09
18:30:07.236,17324,-0.60,-0.89,-0.11,1.08
18:30:07.238,17332,-0.56,-0.88,-0.11,1.05
18:30:07.248,17340,-0.56,-0.88,-0.12,1.05
18:30:07.251,17348,-0.55,-0.93,-0.14,1.08
18:30:07.260,17356,-0.57,-0.96,-0.20,1.13
18:30:07.270,17364,-0.63,-0.96,-0.21,1.16
18:30:07.275,17372,-0.65,-0.95,-0.22,1.17
18:30:07.285,17380,-0.64,-0.92,-0.22,1.14
18:30:07.295,17388,-0.68,-0.87,-0.19,1.12
18:30:07.300,17396,-0.71,-0.86,-0.16,1.13
18:30:07.308,17404,-0.72,-0.90,-0.17,1.16
18:30:07.319,17412,-0.72,-0.94,-0.20,1.20
18:30:07.324,17420,-0.71,-0.95,-0.22,1.21
18:30:07.335,17428,-0.70,-0.90,-0.19,1.16
18:30:07.339,17436,-0.70,-0.88,-0.16,1.13
18:30:07.355,17444,-0.68,-0.88,-0.16,1.12
18:30:07.356,17452,-0.68,-0.90,-0.15,1.14
18:30:07.364,17460,-0.66,-0.90,-0.16,1.13
18:30:07.373,17468,-0.65,-0.90,-0.17,1.13
18:30:07.379,17476,-0.66,-0.88,-0.19,1.11
18:30:07.395,17484,-0.64,-0.89,-0.20,1.11
18:30:07.397,17492,-0.64,-0.89,-0.23,1.12
18:30:07.408,17500,-0.69,-0.83,-0.19,1.10
18:30:07.411,17508,-0.71,-0.85,-0.22,1.12
18:30:07.420,17516,-0.74,-0.85,-0.23,1.15
18:30:07.431,17524,-0.77,-0.82,-0.29,1.16
18:30:07.435,17532,-0.73,-0.95,-0.40,1.26
18:30:07.444,17540,-0.69,-1.07,-0.46,1.36
18:30:07.454,17548,-0.92,-0.97,-0.37,1.39
18:30:07.458,17556,-1.08,-0.89,-0.33,1.44
18:30:07.469,17564,-1.13,-0.80,-0.31,1.41
18:30:07.475,17572,-1.17,-0.72,-0.27,1.40
18:30:07.486,17580,-1.31,-0.66,-0.24,1.49
18:30:07.494,17588,-1.56,-0.61,-0.32,1.71
18:30:07.500,17596,-1.74,-0.58,-0.39,1.87
18:30:07.512,17604,-1.71,-0.59,-0.39,1.85
18:30:07.515,17612,-1.54,-0.58,-0.33,1.68
18:30:07.525,17620,-1.19,-0.73,-0.16,1.41
18:30:07.531,17628,-0.88,-0.69,-0.16,1.13
18:30:07.542,17636,-0.72,-0.81,-0.32,1.13
18:30:07.547,17644,-0.48,-1.04,-0.00,1.14
18:30:07.558,17652,-0.32,-1.18,0.19,1.24
18:30:07.564,17660,-0.18,-1.32,0.32,1.36
18:30:07.572,17668,-0.07,-1.61,0.31,1.65
18:30:07.582,17676,-0.11,-1.97,0.11,1.98
18:30:07.588,17684,0.06,-2.00,0.07,2.01
18:30:07.599,17692,0.38,-2.00,-0.29,2.06
18:30:07.604,17700,0.44,-2.00,-0.21,2.06
18:30:07.613,17708,0.24,-1.74,-0.10,1.76
18:30:07.653,17716,-0.09,-1.16,0.13,1.17
18:30:07.657,17724,-0.28,-0.97,0.25,1.04
18:30:07.659,17732,-0.39,-0.81,0.36,0.97
18:30:07.660,17740,-0.44,-0.75,0.49,1.00
18:30:07.673,17748,-0.52,-0.63,0.56,0.99
18:30:07.675,17756,-0.44,-0.61,0.59,0.96
18:30:07.676,17764,-0.31,-0.63,0.45,0.83
18:30:07.793,17772,-0.15,-0.68,0.33,0.77
18:30:07.794,17780,0.01,-0.79,0.23,0.83
18:30:07.795,17788,0.15,-0.80,0.20,0.83
18:30:07.798,17796,0.25,-0.77,0.18,0.83
18:30:07.799,17804,0.31,-0.78,0.10,0.85
18:30:07.829,17812,0.27,-0.80,0.07,0.85
18:30:07.832,17820,0.17,-0.80,0.07,0.82
18:30:07.836,17828,0.15,-0.79,0.11,0.81
18:30:07.836,17836,0.18,-0.81,0.13,0.84
18:30:07.836,17844,0.19,-0.84,0.15,0.88
18:30:07.836,17852,0.21,-0.86,0.18,0.91
18:30:07.836,17860,0.21,-0.87,0.21,0.92
18:30:07.836,17868,0.16,-0.88,0.21,0.91
18:30:07.836,17876,0.13,-0.87,0.25,0.92
18:30:07.836,17884,0.09,-0.87,0.29,0.92
18:30:07.836,17892,0.01,-0.85,0.29,0.90
18:30:07.836,17900,-0.06,-0.82,0.32,0.89
18:30:07.836,17908,-0.13,-0.80,0.36,0.89
18:30:07.836,17916,-0.19,-0.81,0.40,0.93
18:30:07.836,17924,-0.25,-0.82,0.47,0.98
18:30:07.837,17932,-0.25,-0.86,0.49,1.02
18:30:07.872,17940,-0.29,-0.90,0.47,1.06
18:30:07.873,17948,-0.30,-0.98,0.41,1.10
18:30:07.874,17956,-0.28,-1.06,0.32,1.15
18:30:07.875,17964,-0.24,-1.15,0.21,1.20
18:30:07.876,17972,-0.23,-1.20,0.13,1.23
18:30:07.911,17980,-0.22,-1.26,0.06,1.28
18:30:07.913,17988,-0.21,-1.29,0.04,1.31
18:30:07.913,17996,-0.23,-1.18,0.09,1.20
18:30:07.914,18004,-0.43,-1.03,-0.07,1.12
18:30:07.915,18012,-0.50,-0.93,-0.10,1.06
18:30:07.925,18020,-0.55,-0.77,-0.01,0.95
18:30:07.937,18028,-0.60,-0.77,0.04,0.98
18:30:07.940,18036,-0.73,-0.86,0.07,1.13
18:30:07.949,18044,-0.71,-0.88,-0.02,1.13
18:30:07.959,18052,-0.63,-0.88,-0.16,1.09
18:30:07.964,18060,-0.63,-0.50,-0.26,0.84
18:30:07.971,18068,-0.60,-0.29,-0.35,0.75
18:30:07.982,18076,-0.58,-0.21,-0.42,0.74
18:30:07.987,18084,-0.54,-0.10,-0.42,0.70
18:30:07.996,18092,-0.60,0.03,-0.37,0.70
18:30:08.007,18100,-0.59,-0.07,-0.56,0.81
18:30:08.012,18108,-0.49,-0.47,-0.58,0.89
18:30:08.021,18116,-0.34,-0.83,-0.59,1.07
18:30:08.027,18124,-0.34,-0.72,-0.19,0.82
18:30:08.035,18132,-0.29,-0.90,-0.21,0.97
18:30:08.050,18140,-0.30,-0.90,-0.06,0.95
18:30:08.052,18148,-0.31,-0.86,-0.02,0.91
18:30:08.059,18156,-0.38,-0.93,0.06,1.01
18:30:08.070,18164,-1.24,-0.79,-0.42,1.53
18:30:08.075,18172,-2.13,-1.25,0.05,2.46
18:30:08.111,18180,-2.13,-1.43,-0.36,2.59
18:30:08.113,18188,-1.48,-1.64,0.00,2.21
18:30:08.114,18196,-0.52,-1.06,0.31,1.22
18:30:08.115,18204,-0.41,-0.42,0.10,0.60
18:30:08.116,18212,-0.38,-0.22,0.05,0.44
18:30:08.123,18220,-0.30,-0.38,0.32,0.58
18:30:08.133,18228,-0.54,-0.57,0.55,0.96
18:30:08.140,18236,-0.30,-0.97,0.61,1.18
18:30:08.152,18244,-0.21,-1.30,0.57,1.44
18:30:08.155,18252,-0.19,-1.61,0.44,1.68
18:30:08.170,18260,-0.30,-1.87,0.10,1.89
18:30:08.171,18268,-0.55,-1.84,-0.14,1.92
18:30:08.180,18276,-0.68,-1.36,-0.24,1.54
18:30:08.189,18284,-0.73,-0.83,-0.03,1.10
18:30:08.195,18292,-0.72,-0.53,0.03,0.90
18:30:08.204,18300,-0.74,-0.43,-0.12,0.86
18:30:08.214,18308,-0.72,-0.52,-0.11,0.89
18:30:08.221,18316,-0.51,-0.96,-0.15,1.10
18:30:08.228,18324,-0.47,-1.35,-0.46,1.50
18:30:08.235,18332,-0.42,-1.34,-0.51,1.49
18:30:08.244,18340,-0.34,-1.34,-0.63,1.52
18:30:08.253,18348,-0.30,-1.22,-0.77,1.47
18:30:08.259,18356,-0.36,-1.02,-0.76,1.32
18:30:08.271,18364,-0.50,-0.83,-0.49,1.09
18:30:08.276,18372,-0.64,-0.78,-0.23,1.04
18:30:08.292,18380,-0.77,-0.74,-0.10,1.07
18:30:08.293,18388,-0.89,-0.71,-0.02,1.14
18:30:08.299,18396,-0.95,-0.65,0.01,1.15
18:30:08.309,18404,-0.96,-0.59,0.01,1.13
18:30:08.315,18412,-0.73,-0.78,-0.19,1.09
18:30:08.324,18420,-0.68,-0.81,-0.31,1.10
18:30:08.333,18428,-0.60,-0.91,-0.39,1.16
18:30:08.342,18436,-0.57,-0.95,-0.40,1.18
18:30:08.347,18444,-0.59,-0.93,-0.41,1.18
18:30:08.356,18452,-0.66,-0.90,-0.41,1.19
18:30:08.369,18460,-0.61,-0.84,-0.33,1.09
18:30:08.376,18468,-0.73,-0.77,-0.26,1.09
18:30:08.381,18476,-0.84,-0.69,-0.17,1.10
18:30:08.387,18484,-0.76,-0.68,-0.28,1.06
18:30:08.398,18492,-0.80,-0.68,-0.28,1.09
18:30:08.403,18500,-0.71,-0.68,-0.23,1.01
18:30:08.411,18508,-0.68,-0.73,-0.28,1.03
18:30:08.421,18516,-0.72,-0.70,-0.28,1.05
18:30:08.427,18524,-0.65,-0.76,-0.32,1.05
18:30:08.437,18532,-0.67,-0.74,-0.18,1.02
18:30:08.447,18540,-0.66,-0.78,-0.20,1.04
18:30:08.451,18548,-0.67,-0.77,-0.27,1.06
18:30:08.460,18556,-0.66,-0.75,-0.25,1.04
18:30:08.470,18564,-0.64,-0.78,-0.21,1.03
18:30:08.475,18572,-0.61,-0.82,-0.16,1.03
18:30:08.485,18580,-0.60,-0.88,-0.15,1.08
18:30:08.494,18588,-0.59,-0.86,-0.08,1.04
18:30:08.498,18596,-0.52,-0.92,-0.06,1.06
18:30:08.535,18604,-0.50,-0.93,-0.00,1.05
18:30:08.536,18612,-0.51,-0.96,0.04,1.09
18:30:08.538,18620,-0.57,-0.91,0.07,1.08
18:30:08.539,18628,-0.60,-0.88,0.06,1.07
18:30:08.540,18636,-0.62,-0.85,0.07,1.06
18:30:08.576,18644,-0.65,-0.88,0.04,1.09
18:30:08.577,18652,-0.68,-0.95,-0.06,1.17
18:30:08.577,18660,-0.63,-0.96,-0.11,1.15
18:30:08.579,18668,-0.61,-0.88,-0.15,1.09
18:30:08.580,18676,-0.68,-0.85,-0.20,1.10
18:30:08.612,18684,-0.72,-0.84,-0.18,1.12
18:30:08.617,18692,-0.73,-0.88,-0.16,1.16
18:30:08.617,18700,-0.75,-0.87,-0.10,1.16
18:30:08.617,18708,-0.72,-0.90,-0.09,1.16
18:30:08.654,18716,-0.72,-0.88,-0.05,1.14
18:30:08.654,18724,-0.70,-0.89,-0.05,1.13
18:30:08.657,18732,-0.71,-0.89,-0.10,1.15
18:30:08.657,18740,-0.69,-0.88,-0.11,1.12
18:30:08.659,18748,-0.69,-0.86,-0.12,1.11
18:30:08.659,18756,-0.70,-0.79,-0.07,1.06
18:30:08.687,18764,-0.75,-0.79,-0.09,1.09
18:30:08.687,18772,-0.75,-0.80,-0.12,1.11
18:30:08.690,18780,-0.80,-0.86,-0.22,1.19
18:30:08.691,18788,-0.74,-0.97,-0.27,1.25
18:30:08.729,18796,-0.72,-1.04,-0.27,1.29
18:30:08.729,18804,-0.88,-1.03,-0.26,1.38
18:30:08.729,18812,-1.02,-0.96,-0.16,1.41
18:30:08.731,18820,-1.08,-0.89,-0.11,1.40
18:30:08.732,18828,-1.19,-0.83,-0.16,1.46
18:30:08.742,18836,-1.32,-0.77,-0.19,1.54
18:30:08.748,18844,-1.46,-0.73,-0.16,1.64
18:30:08.758,18852,-1.65,-0.71,-0.18,1.81
18:30:08.763,18860,-1.56,-0.69,-0.09,1.70
18:30:08.772,18868,-1.57,-0.59,-0.19,1.69
18:30:08.779,18876,-1.07,-0.89,0.14,1.40
18:30:08.796,18884,-0.88,-0.82,-0.50,1.30
18:30:08.799,18892,-0.62,-0.91,-0.48,1.20
18:30:08.804,18900,-0.29,-1.07,-0.27,1.14
18:30:08.812,18908,-0.01,-1.25,0.04,1.25
18:30:08.821,18916,0.14,-1.46,0.06,1.47
18:30:08.827,18924,0.17,-1.45,-0.17,1.47
18:30:08.838,18932,0.21,-1.95,0.13,1.97
18:30:08.843,18940,0.13,-1.83,-0.24,1.85
18:30:08.855,18948,0.41,-2.00,-0.19,2.06
18:30:08.858,18956,0.23,-1.93,-0.41,1.99
18:30:08.868,18964,-0.07,-1.57,-0.14,1.58
18:30:08.875,18972,-0.31,-1.06,-0.01,1.11
18:30:08.884,18980,-0.41,-0.82,0.27,0.96
18:30:08.891,18988,-0.52,-0.72,0.29,0.93
18:30:08.900,18996,-0.59,-0.54,0.32,0.86
18:30:08.910,19004,-0.46,-0.63,0.36,0.86
18:30:08.915,19012,-0.29,-0.83,0.21,0.91
18:30:08.923,19020,-0.10,-0.99,0.04,1.00
18:30:08.970,19028,0.06,-1.06,-0.05,1.06
18:30:08.970,19036,0.17,-1.06,-0.14,1.08
18:30:08.971,19044,0.23,-1.04,-0.15,1.07
18:30:08.992,19052,0.23,-0.98,-0.09,1.01
18:30:08.994,19060,0.18,-0.92,-0.01,0.94
18:30:08.994,19068,0.15,-0.93,0.05,0.95
18:30:08.996,19076,0.13,-0.96,0.04,0.97
18:30:08.996,19084,0.13,-1.00,-0.00,1.01
18:30:08.996,19092,0.12,-1.02,-0.02,1.03
18:30:09.023,19100,0.13,-1.05,-0.01,1.06
18:30:09.025,19108,0.16,-1.05,0.02,1.06
18:30:09.025,19116,0.18,-1.07,0.03,1.09
18:30:09.051,19124,0.19,-1.09,0.05,1.11
18:30:09.053,19132,0.16,-1.13,0.06,1.14
18:30:09.054,19140,0.12,-1.12,0.06,1.13
18:30:09.055,19148,0.07,-1.10,0.09,1.11
18:30:09.062,19156,0.03,-1.07,0.14,1.08
18:30:09.068,19164,-0.05,-1.07,0.24,1.10
18:30:09.075,19172,-0.11,-0.98,0.34,1.05
18:30:09.089,19180,-0.16,-0.93,0.35,1.01
18:30:09.091,19188,-0.12,-0.97,0.31,1.02
18:30:09.100,19196,-0.15,-1.02,0.28,1.07
18:30:09.110,19204,-0.18,-1.07,0.25,1.11
18:30:09.115,19212,-0.17,-1.13,0.20,1.16
18:30:09.124,19220,-0.15,-1.18,0.15,1.20
18:30:09.132,19228,-0.13,-1.25,0.10,1.26
18:30:09.142,19236,-0.11,-1.24,0.09,1.25
18:30:09.147,19244,-0.13,-1.17,0.10,1.18
18:30:09.188,19252,-0.19,-1.10,0.13,1.12
18:30:09.189,19260,-0.30,-1.04,0.19,1.10
18:30:09.190,19268,-0.42,-1.01,0.23,1.12
18:30:09.225,19276,-0.51,-1.01,0.28,1.16
18:30:09.227,19284,-0.54,-0.92,0.34,1.12
18:30:09.227,19292,-0.69,-0.80,0.21,1.08
18:30:09.229,19300,-0.66,-0.79,0.17,1.04
18:30:09.230,19308,-0.62,-0.66,0.19,0.92
18:30:09.231,19316,-0.68,-0.57,0.18,0.90
18:30:09.266,19324,-0.71,-0.66,0.08,0.98
18:30:09.268,19332,-0.70,-0.75,-0.08,1.03
18:30:09.268,19340,-0.57,-0.76,-0.26,0.98
18:30:09.271,19348,-0.45,-0.65,-0.45,0.91
18:30:09.272,19356,-0.35,-0.57,-0.60,0.90
18:30:09.272,19364,-0.35,-0.47,-0.73,0.93
18:30:09.307,19372,-0.40,-0.48,-0.68,0.92
18:30:09.310,19380,-0.43,-0.51,-0.51,0.84
18:30:09.310,19388,-0.44,-0.57,-0.39,0.82
18:30:09.311,19396,-0.46,-0.61,-0.29,0.82
18:30:09.312,19404,-0.46,-0.58,-0.16,0.75
18:30:09.349,19412,-0.47,-0.59,-0.06,0.76
18:30:09.350,19420,-0.43,-0.70,-0.08,0.82
18:30:09.351,19428,-0.43,-0.70,0.05,0.82
18:30:09.352,19436,-0.43,-0.81,0.05,0.92
18:30:09.353,19444,-0.61,-0.97,-0.07,1.15
18:30:09.355,19452,-1.59,-1.12,-0.68,2.06
18:30:09.390,19460,-2.13,-1.35,-0.55,2.58
18:30:09.391,19468,-1.96,-1.24,-0.04,2.32
18:30:09.393,19476,-1.32,-1.29,0.31,1.87
18:30:09.394,19484,-0.70,-0.71,0.47,1.11
18:30:09.395,19492,-0.68,-0.35,0.10,0.77
18:30:09.411,19500,-0.61,-0.21,0.34,0.72
18:30:09.412,19508,-0.61,-0.22,0.53,0.84
18:30:09.422,19516,-0.80,-0.32,0.75,1.14
18:30:09.427,19524,-0.45,-0.69,0.61,1.03
18:30:09.435,19532,-0.34,-1.08,0.57,1.27
18:30:09.452,19540,-0.28,-1.39,0.42,1.48
18:30:09.454,19548,-0.28,-1.69,0.28,1.73
18:30:09.458,19556,-0.37,-1.76,0.01,1.79
18:30:09.476,19564,-0.61,-1.52,-0.08,1.64
18:30:09.477,19572,-0.66,-0.93,0.02,1.14
18:30:09.486,19580,-0.86,-0.61,0.13,1.06
18:30:09.491,19588,-0.53,-0.48,-0.07,0.72
18:30:09.502,19596,-1.03,-0.43,0.11,1.12
18:30:09.507,19604,-0.86,-0.63,-0.16,1.08
18:30:09.518,19612,-0.59,-1.02,-0.51,1.28
18:30:09.528,19620,-0.43,-1.31,-0.53,1.48
18:30:09.531,19628,-0.37,-1.33,-0.50,1.47
18:30:09.543,19636,-0.34,-1.26,-0.68,1.47
18:30:09.548,19644,-0.43,-1.13,-0.67,1.38
18:30:09.555,19652,-0.55,-0.83,-0.47,1.10
18:30:09.565,19660,-0.63,-0.71,-0.23,0.98
18:30:09.571,19668,-0.74,-0.70,-0.13,1.03
18:30:09.578,19676,-0.77,-0.74,-0.05,1.07
18:30:09.588,19684,-0.85,-0.69,0.04,1.10
18:30:09.595,19692,-0.89,-0.69,0.04,1.13
18:30:09.609,19700,-0.78,-0.78,-0.03,1.11
18:30:09.611,19708,-0.69,-0.84,-0.14,1.10
18:30:09.619,19716,-0.64,-0.89,-0.19,1.11
18:30:09.630,19724,-0.62,-0.91,-0.20,1.12
18:30:09.635,19732,-0.62,-0.90,-0.18,1.10
18:30:09.645,19740,-0.68,-0.83,-0.11,1.08
18:30:09.651,19748,-0.71,-0.80,-0.03,1.07
18:30:09.662,19756,-0.75,-0.77,-0.02,1.07
18:30:09.668,19764,-0.77,-0.76,-0.02,1.08
18:30:09.676,19772,-0.77,-0.73,-0.05,1.07
18:30:09.688,19780,-0.74,-0.72,-0.10,1.04
18:30:09.691,19788,-0.74,-0.73,-0.15,1.05
18:30:09.702,19796,-0.70,-0.74,-0.22,1.04
18:30:09.708,19804,-0.69,-0.76,-0.25,1.06
18:30:09.718,19812,-0.69,-0.76,-0.29,1.07
18:30:09.723,19820,-0.71,-0.76,-0.31,1.08
18:30:09.736,19828,-0.73,-0.76,-0.30,1.09
18:30:09.746,19836,-0.71,-0.78,-0.28,1.09
18:30:09.748,19844,-0.71,-0.82,-0.29,1.12
18:30:09.759,19852,-0.75,-0.81,-0.29,1.14
18:30:09.768,19860,-0.75,-0.79,-0.23,1.11
18:30:09.771,19868,-0.62,-0.83,-0.20,1.05
18:30:09.780,19876,-0.66,-0.84,-0.29,1.10
18:30:09.791,19884,-0.69,-0.81,-0.20,1.08
18:30:09.794,19892,-0.64,-0.82,-0.23,1.06
18:30:09.805,19900,-0.66,-0.79,-0.25,1.06
18:30:09.811,19908,-0.71,-0.76,-0.16,1.05
18:30:09.822,19916,-0.69,-0.78,-0.13,1.05
18:30:09.827,19924,-0.75,-0.77,-0.09,1.08
18:30:09.837,19932,-0.74,-0.79,-0.06,1.08
18:30:09.847,19940,-0.72,-0.81,-0.08,1.09
18:30:09.851,19948,-0.77,-0.82,-0.11,1.13
18:30:09.861,19956,-0.80,-0.81,-0.11,1.15
18:30:09.901,19964,-0.81,-0.84,-0.07,1.16
18:30:09.903,19972,-0.80,-0.80,-0.07,1.14
18:30:09.904,19980,-0.78,-0.76,-0.10,1.09
18:30:09.905,19988,-0.73,-0.74,-0.10,1.04
18:30:09.906,19996,-0.69,-0.76,-0.11,1.03
18:30:09.908,20004,-0.63,-0.80,-0.13,1.03
18:30:09.943,20012,-0.62,-0.86,-0.11,1.06
18:30:09.943,20020,-0.61,-0.93,-0.14,1.12
18:30:09.945,20028,-0.63,-0.98,-0.14,1.17
18:30:09.946,20036,-0.70,-0.96,-0.12,1.20
18:30:09.947,20044,-0.73,-0.90,-0.09,1.16
18:30:09.984,20052,-0.75,-0.89,-0.13,1.17
18:30:09.985,20060,-0.76,-0.86,-0.09,1.15
18:30:09.986,20068,-0.74,-0.95,-0.16,1.21
18:30:09.988,20076,-0.70,-1.03,-0.18,1.26
18:30:09.988,20084,-0.82,-1.04,-0.15,1.33
18:30:10.025,20092,-0.95,-0.97,-0.15,1.37
18:30:10.026,20100,-0.99,-0.89,-0.14,1.34
18:30:10.028,20108,-0.99,-0.81,-0.13,1.29
18:30:10.028,20116,-1.01,-0.78,-0.11,1.28
18:30:10.030,20124,-1.17,-0.78,-0.21,1.42
18:30:10.066,20132,-1.34,-0.82,-0.29,1.60
18:30:10.067,20140,-1.42,-0.83,-0.29,1.67
18:30:10.068,20148,-1.54,-0.82,-0.29,1.77
18:30:10.070,20156,-1.54,-0.83,-0.29,1.77
18:30:10.071,20164,-1.37,-0.78,-0.37,1.62
18:30:10.092,20172,-1.05,-0.76,-0.46,1.37
18:30:10.094,20180,-0.78,-0.76,-0.50,1.20
18:30:10.095,20188,-0.51,-0.88,-0.50,1.13
18:30:10.099,20196,-0.25,-1.08,-0.30,1.15
18:30:10.115,20204,-0.09,-1.23,-0.02,1.23
18:30:10.116,20212,-0.08,-1.27,0.03,1.27
18:30:10.124,20220,0.04,-1.48,0.13,1.49
18:30:10.134,20228,0.20,-1.73,0.17,1.75
18:30:10.139,20236,0.15,-2.00,0.47,2.06
18:30:10.149,20244,0.29,-2.00,0.51,2.09
18:30:10.155,20252,-0.21,-1.77,0.08,1.78
18:30:10.165,20260,-0.37,-1.33,0.10,1.39
18:30:10.174,20268,-0.46,-1.05,0.19,1.17
18:30:10.179,20276,-0.45,-0.76,0.39,0.97
18:30:10.188,20284,-0.47,-0.68,0.45,0.95
18:30:10.199,20292,-0.30,-0.70,0.47,0.89
18:30:10.204,20300,-0.15,-0.80,0.39,0.91
18:30:10.214,20308,-0.06,-0.94,0.23,0.97
18:30:10.219,20316,0.06,-1.04,0.16,1.05
18:30:10.227,20324,0.15,-1.03,0.09,1.04
18:30:10.235,20332,0.20,-0.96,0.07,0.99
18:30:10.246,20340,0.15,-0.87,0.12,0.89
18:30:10.251,20348,0.12,-0.82,0.20,0.85
18:30:10.260,20356,0.09,-0.83,0.25,0.87
18:30:10.267,20364,0.08,-0.87,0.27,0.92
18:30:10.277,20372,0.05,-0.92,0.25,0.95
18:30:10.291,20380,0.07,-0.91,0.24,0.94
18:30:10.292,20388,0.08,-0.88,0.24,0.92
18:30:10.310,20396,0.10,-0.88,0.24,0.92
18:30:10.311,20404,0.08,-0.90,0.26,0.94
18:30:10.316,20412,0.08,-0.92,0.26,0.96
18:30:10.328,20420,0.07,-0.97,0.25,1.00
18:30:10.331,20428,0.04,-0.97,0.25,1.01
18:30:10.373,20436,0.00,-0.95,0.29,1.00
18:30:10.374,20444,-0.04,-0.94,0.33,1.00
18:30:10.375,20452,-0.07,-0.91,0.37,0.99
18:30:10.377,20460,-0.09,-0.92,0.37,0.99
18:30:10.396,20468,-0.12,-0.93,0.36,1.00
18:30:10.397,20476,-0.13,-0.96,0.36,1.03
18:30:10.398,20484,-0.15,-1.01,0.34,1.08
18:30:10.415,20492,-0.16,-1.07,0.33,1.13
18:30:10.429,20500,-0.16,-1.13,0.31,1.18
18:30:10.430,20508,-0.17,-1.16,0.29,1.21
18:30:10.431,20516,-0.20,-1.14,0.27,1.18
18:30:10.432,20524,-0.25,-1.08,0.27,1.14
18:30:10.435,20532,-0.34,-1.00,0.30,1.10
18:30:10.447,20540,-0.43,-0.96,0.32,1.10
18:30:10.451,20548,-0.51,-0.91,0.34,1.10
18:30:10.463,20556,-0.51,-0.91,0.35,1.09
18:30:10.467,20564,-0.56,-0.72,0.32,0.97
18:30:10.479,20572,-0.77,-0.59,0.15,0.98
18:30:10.484,20580,-0.59,-0.66,0.12,0.89
18:30:10.491,20588,-0.57,-0.61,0.17,0.85
18:30:10.500,20596,-0.64,-0.73,0.10,0.98
18:30:10.511,20604,-0.57,-1.03,-0.19,1.19
18:30:10.522,20612,-0.62,-1.25,-0.62,1.53
18:30:10.523,20620,-0.28,-0.93,-0.43,1.06
18:30:10.535,20628,-0.13,-0.70,-0.73,1.02
18:30:10.539,20636,-0.21,-0.32,-0.75,0.84
18:30:10.547,20644,-0.29,-0.24,-0.73,0.82
18:30:10.559,20652,-0.45,-0.28,-0.54,0.75
18:30:10.564,20660,-0.53,-0.34,-0.28,0.68
18:30:10.574,20668,-0.58,-0.49,-0.21,0.79
18:30:10.579,20676,-0.49,-0.60,-0.12,0.79
18:30:10.596,20684,-0.50,-0.66,-0.04,0.83
18:30:10.597,20692,-0.43,-0.72,-0.01,0.84
18:30:10.604,20700,-0.37,-0.81,0.01,0.89
18:30:10.644,20708,-0.34,-0.89,0.03,0.95
18:30:10.645,20716,-0.52,-1.04,-0.07,1.16
18:30:10.646,20724,-1.63,-1.09,-0.70,2.08
18:30:10.647,20732,-2.13,-1.54,-0.76,2.73
18:30:10.649,20740,-2.13,-1.29,-0.18,2.49
18:30:10.685,20748,-1.33,-1.54,0.14,2.04
18:30:10.686,20756,-0.43,-0.96,0.50,1.16
18:30:10.687,20764,-0.52,-0.34,0.26,0.67
18:30:10.688,20772,-0.42,-0.13,0.17,0.47
18:30:10.689,20780,-0.53,-0.20,0.52,0.77
18:30:10.691,20788,-0.65,-0.94,0.80,1.39
18:30:10.727,20796,-0.65,-0.47,1.14,1.39
18:30:10.727,20804,-0.52,-1.28,0.75,1.57
18:30:10.730,20812,-0.49,-1.36,0.80,1.65
18:30:10.731,20820,-0.63,-1.49,0.49,1.69
18:30:10.731,20828,-0.80,-1.48,0.10,1.68
18:30:10.768,20836,-0.83,-1.13,0.00,1.40
18:30:10.768,20844,-0.62,-0.59,0.19,0.87
18:30:10.770,20852,-0.59,-0.62,-0.00,0.85
18:30:10.771,20860,-0.56,-0.54,-0.29,0.83
18:30:10.773,20868,-0.53,-0.62,-0.45,0.93
18:30:10.809,20876,-0.44,-0.99,-0.75,1.31
18:30:10.811,20884,-0.45,-1.39,-0.73,1.63
18:30:10.812,20892,-0.39,-1.33,-0.59,1.51
18:30:10.813,20900,-0.34,-1.26,-0.64,1.46
18:30:10.814,20908,-0.42,-1.07,-0.69,1.34
18:30:10.850,20916,-0.55,-0.85,-0.51,1.13
18:30:10.851,20924,-0.68,-0.74,-0.24,1.03
18:30:10.852,20932,-0.77,-0.74,-0.11,1.07
18:30:10.853,20940,-0.82,-0.73,-0.05,1.10
18:30:10.856,20948,-0.84,-0.69,-0.02,1.09
18:30:10.865,20956,-0.82,-0.70,-0.05,1.08
18:30:10.868,20964,-0.76,-0.78,-0.14,1.09
18:30:10.875,20972,-0.71,-0.85,-0.21,1.13
18:30:10.885,20980,-0.66,-0.88,-0.24,1.13
18:30:10.894,20988,-0.65,-0.87,-0.24,1.12
18:30:10.899,20996,-0.67,-0.87,-0.25,1.12
18:30:10.907,21004,-0.70,-0.83,-0.23,1.11
18:30:10.916,21012,-0.71,-0.80,-0.18,1.09
18:30:10.924,21020,-0.71,-0.79,-0.13,1.07
18:30:10.935,21028,-0.71,-0.77,-0.11,1.05
18:30:10.939,21036,-0.73,-0.77,-0.13,1.06
18:30:10.956,21044,-0.73,-0.75,-0.14,1.06
18:30:10.957,21052,-0.74,-0.73,-0.17,1.05
18:30:10.964,21060,-0.74,-0.72,-0.18,1.05
18:30:10.974,21068,-0.74,-0.75,-0.20,1.07
18:30:10.981,21076,-0.69,-0.79,-0.25,1.08
18:30:10.990,21084,-0.68,-0.79,-0.27,1.08
18:30:10.995,21092,-0.67,-0.77,-0.28,1.06
18:30:11.003,21100,-0.73,-0.80,-0.26,1.12
18:30:11.014,21108,-0.66,-0.83,-0.26,1.09
18:30:11.019,21116,-0.60,-0.91,-0.29,1.13
18:30:11.032,21124,-0.66,-0.83,-0.22,1.09
18:30:11.035,21132,-0.66,-0.87,-0.15,1.10
18:30:11.043,21140,-0.64,-0.90,-0.21,1.13
18:30:11.053,21148,-0.64,-0.86,-0.11,1.08
18:30:11.061,21156,-0.66,-0.87,-0.08,1.09
18:30:11.068,21164,-0.68,-0.83,-0.07,1.07
18:30:11.078,21172,-0.63,-0.84,-0.02,1.05
18:30:11.086,21180,-0.73,-0.70,-0.14,1.02
18:30:11.091,21188,-0.80,-0.65,0.04,1.03
18:30:11.100,21196,-0.71,-0.76,-0.03,1.04
18:30:11.107,21204,-0.71,-0.84,-0.02,1.10
18:30:11.115,21212,-0.70,-0.85,-0.08,1.10
18:30:11.129,21220,-0.70,-0.79,-0.11,1.06
18:30:11.131,21228,-0.68,-0.76,-0.11,1.03
18:30:11.143,21236,-0.67,-0.78,-0.08,1.03
18:30:11.147,21244,-0.73,-0.83,-0.09,1.11
18:30:11.155,21252,-0.76,-0.82,-0.10,1.12
18:30:11.165,21260,-0.70,-0.81,-0.10,1.08
18:30:11.171,21268,-0.66,-0.77,-0.06,1.02
18:30:11.180,21276,-0.63,-0.76,-0.03,0.99
18:30:11.189,21284,-0.59,-0.81,-0.02,1.00
18:30:11.195,21292,-0.59,-0.88,-0.01,1.06
18:30:11.205,21300,-0.59,-0.89,0.00,1.07
18:30:11.211,21308,-0.61,-0.92,0.03,1.10
18:30:11.219,21316,-0.61,-0.87,0.08,1.07
18:30:11.227,21324,-0.65,-0.83,0.07,1.06
18:30:11.235,21332,-0.73,-0.75,0.07,1.05
18:30:11.245,21340,-0.74,-0.80,0.01,1.09
18:30:11.255,21348,-0.76,-0.90,-0.04,1.18
18:30:11.259,21356,-0.72,-1.00,-0.06,1.23
18:30:11.267,21364,-0.89,-0.99,-0.01,1.33
18:30:11.277,21372,-1.01,-1.02,-0.09,1.44
18:30:11.284,21380,-1.09,-0.97,-0.08,1.46
18:30:11.296,21388,-1.13,-0.87,-0.08,1.43
18:30:11.300,21396,-1.28,-0.75,-0.08,1.49
18:30:11.309,21404,-1.47,-0.65,-0.05,1.61
18:30:11.319,21412,-1.67,-0.63,-0.04,1.79
18:30:11.324,21420,-1.74,-0.73,-0.12,1.89
18:30:11.335,21428,-1.64,-0.67,-0.16,1.77
18:30:11.339,21436,-1.24,-0.66,-0.26,1.43
18:30:11.353,21444,-0.83,-0.74,-0.28,1.14
18:30:11.355,21452,-0.60,-0.89,-0.42,1.15
18:30:11.364,21460,-0.35,-1.07,-0.28,1.16
18:30:11.403,21468,-0.10,-1.28,-0.09,1.28
18:30:11.403,21476,0.19,-1.32,0.00,1.34
18:30:11.405,21484,0.28,-1.31,-0.14,1.35
18:30:11.407,21492,0.27,-1.55,-0.23,1.59
18:30:11.408,21500,0.35,-1.52,-0.48,1.63
18:30:11.444,21508,0.01,-2.00,-0.13,2.01
18:30:11.444,21516,0.23,-2.00,-0.42,2.06
18:30:11.446,21524,-0.03,-1.74,-0.19,1.75
18:30:11.448,21532,-0.17,-1.17,0.00,1.18
18:30:11.449,21540,-0.29,-0.95,0.28,1.03
18:30:11.486,21548,-0.42,-0.71,0.36,0.90
18:30:11.487,21556,-0.56,-0.58,0.36,0.88
18:30:11.488,21564,-0.54,-0.59,0.38,0.88
18:30:11.488,21572,-0.37,-0.65,0.37,0.84
18:30:11.490,21580,-0.20,-0.78,0.25,0.84
18:30:11.526,21588,-0.09,-0.84,0.16,0.86
18:30:11.527,21596,0.06,-0.93,0.12,0.94
18:30:11.529,21604,0.19,-0.97,0.08,0.99
18:30:11.529,21612,0.26,-0.94,0.03,0.98
18:30:11.531,21620,0.29,-0.90,0.03,0.94
18:30:11.532,21628,0.18,-0.80,0.08,0.82
18:30:11.568,21636,0.12,-0.77,0.16,0.80
18:30:11.569,21644,0.09,-0.79,0.16,0.81
18:30:11.570,21652,0.08,-0.83,0.12,0.84
18:30:11.571,21660,0.11,-0.91,0.13,0.93
18:30:11.572,21668,0.12,-0.97,0.13,0.99
18:30:11.594,21676,0.14,-0.99,0.12,1.01
18:30:11.595,21684,0.16,-1.00,0.14,1.02
18:30:11.596,21692,0.17,-1.01,0.16,1.04
18:30:11.604,21700,0.14,-0.98,0.16,1.01
18:30:11.634,21708,0.10,-0.98,0.18,1.00
18:30:11.647,21716,0.05,-0.97,0.21,1.00
18:30:11.649,21724,0.00,-0.98,0.30,1.02
18:30:11.650,21732,-0.07,-0.96,0.37,1.03
18:30:11.664,21740,-0.12,-0.94,0.38,1.02
18:30:11.665,21748,-0.19,-0.94,0.40,1.03
18:30:11.666,21756,-0.22,-0.97,0.37,1.06
18:30:11.683,21764,-0.24,-0.98,0.35,1.07
18:30:11.698,21772,-0.24,-1.02,0.30,1.09
18:30:11.699,21780,-0.22,-1.07,0.27,1.13
18:30:11.700,21788,-0.21,-1.15,0.22,1.19
18:30:11.723,21796,-0.22,-1.21,0.16,1.24
18:30:11.736,21804,-0.26,-1.22,0.11,1.26
18:30:11.738,21812,-0.32,-1.18,0.11,1.23
18:30:11.738,21820,-0.40,-1.09,0.16,1.17
18:30:11.757,21828,-0.48,-1.02,0.23,1.15
18:30:11.758,21836,-0.53,-0.96,0.21,1.12
18:30:11.758,21844,-0.55,-0.92,0.30,1.12
18:30:11.760,21852,-0.62,-0.70,0.22,0.96
18:30:11.765,21860,-0.71,-0.76,0.04,1.04
18:30:11.774,21868,-0.57,-0.72,0.14,0.93
18:30:11.779,21876,-0.64,-0.65,0.12,0.92
18:30:11.794,21884,-0.69,-0.75,0.02,1.02
18:30:11.798,21892,-0.61,-0.95,-0.21,1.15
18:30:11.804,21900,-0.61,-0.86,-0.36,1.12
18:30:11.814,21908,-0.46,-0.54,-0.41,0.81
18:30:11.818,21916,-0.42,-0.35,-0.55,0.78
18:30:11.835,21924,-0.45,-0.22,-0.56,0.75
18:30:11.837,21932,-0.49,-0.20,-0.56,0.78
18:30:11.843,21940,-0.49,-0.34,-0.55,0.81
18:30:11.851,21948,-0.44,-0.55,-0.42,0.82
18:30:11.861,21956,-0.42,-0.75,-0.47,0.98
18:30:11.872,21964,-0.38,-0.76,-0.29,0.90
18:30:11.875,21972,-0.40,-0.77,-0.18,0.88
18:30:11.885,21980,-0.43,-0.74,-0.05,0.86
18:30:11.896,21988,-0.49,-0.76,-0.02,0.90
18:30:11.900,21996,-0.56,-0.97,-0.00,1.12
18:30:11.908,22004,-1.15,-0.86,-0.31,1.47
18:30:11.917,22012,-2.09,-1.30,-0.70,2.56
18:30:11.951,22020,-2.13,-1.22,-0.01,2.45
18:30:11.952,22028,-1.62,-1.29,0.16,2.08
18:30:11.954,22036,-0.73,-0.99,0.50,1.33
18:30:11.954,22044,-0.55,-0.46,0.38,0.81
18:30:11.958,22052,-0.52,-0.25,0.23,0.62
18:30:11.967,22060,-0.20,-0.20,0.02,0.28
18:30:11.971,22068,-0.62,-0.29,0.75,1.02
18:30:11.979,22076,-0.64,-0.41,0.62,0.99
18:30:11.989,22084,-0.55,-1.03,0.68,1.35
18:30:11.995,22092,-0.38,-1.39,0.51,1.52
18:30:12.005,22100,-0.39,-1.65,0.45,1.75
18:30:12.011,22108,-0.51,-1.70,0.16,1.78
18:30:12.021,22116,-0.76,-1.38,0.06,1.57
18:30:12.027,22124,-0.74,-0.92,0.11,1.19
18:30:12.035,22132,-0.73,-0.58,0.16,0.95
18:30:12.051,22140,-0.72,-0.61,0.07,0.94
18:30:12.060,22148,-0.88,-0.41,0.04,0.97
18:30:12.061,22156,-0.93,-0.60,-0.17,1.12
18:30:12.072,22164,-0.65,-0.95,-0.33,1.20
18:30:12.075,22172,-0.45,-1.44,-0.58,1.62
18:30:12.083,22180,-0.33,-1.38,-0.65,1.56
18:30:12.094,22188,-0.23,-1.29,-0.80,1.53
18:30:12.099,22196,-0.29,-1.15,-0.90,1.48
18:30:12.135,22204,-0.50,-0.81,-0.67,1.16
18:30:12.136,22212,-0.66,-0.67,-0.25,0.97
18:30:12.138,22220,-0.77,-0.68,-0.07,1.03
18:30:12.138,22228,-0.91,-0.65,-0.03,1.12
18:30:12.140,22236,-0.94,-0.64,0.05,1.14
18:30:12.176,22244,-0.87,-0.73,-0.06,1.13
18:30:12.177,22252,-0.72,-0.86,-0.26,1.15
18:30:12.180,22260,-0.62,-0.93,-0.34,1.17
18:30:12.181,22268,-0.57,-0.95,-0.31,1.15
18:30:12.181,22276,-0.56,-0.94,-0.34,1.15
18:30:12.210,22284,-0.61,-0.86,-0.28,1.09
18:30:12.210,22292,-0.65,-0.83,-0.18,1.07
18:30:12.211,22300,-0.72,-0.82,-0.12,1.10
18:30:12.213,22308,-0.75,-0.81,-0.10,1.11
18:30:12.250,22316,-0.76,-0.79,-0.10,1.10
18:30:12.251,22324,-0.73,-0.75,-0.13,1.05
18:30:12.252,22332,-0.71,-0.74,-0.15,1.04
18:30:12.254,22340,-0.69,-0.74,-0.17,1.03
18:30:12.255,22348,-0.70,-0.77,-0.22,1.06
18:30:12.292,22356,-0.72,-0.77,-0.24,1.08
18:30:12.293,22364,-0.69,-0.80,-0.26,1.09
18:30:12.294,22372,-0.74,-0.77,-0.29,1.11
18:30:12.296,22380,-0.68,-0.79,-0.26,1.07
18:30:12.296,22388,-0.55,-0.85,-0.29,1.06
18:30:12.331,22396,-0.63,-0.90,-0.38,1.16
18:30:12.331,22404,-0.63,-0.86,-0.29,1.10
18:30:12.334,22412,-0.68,-0.76,-0.22,1.04
18:30:12.335,22420,-0.63,-0.84,-0.23,1.07
18:30:12.335,22428,-0.64,-0.85,-0.26,1.10
18:30:12.339,22436,-0.61,-0.86,-0.19,1.08
18:30:12.347,22444,-0.62,-0.85,-0.15,1.06
18:30:12.356,22452,-0.59,-0.87,-0.12,1.06
18:30:12.367,22460,-0.62,-0.86,-0.11,1.07
18:30:12.371,22468,-0.63,-0.85,0.05,1.06
18:30:12.379,22476,-0.61,-0.87,0.11,1.07
18:30:12.395,22484,-0.69,-0.82,0.20,1.09
18:30:12.397,22492,-0.68,-0.79,0.12,1.05
18:30:12.406,22500,-0.67,-0.75,0.04,1.01
18:30:12.411,22508,-0.68,-0.79,-0.01,1.04
18:30:12.422,22516,-0.67,-0.81,-0.01,1.06
18:30:12.427,22524,-0.67,-0.85,-0.02,1.08
18:30:12.435,22532,-0.68,-0.86,0.00,1.10
18:30:12.443,22540,-0.67,-0.87,-0.01,1.10
18:30:12.454,22548,-0.69,-0.85,-0.03,1.10
18:30:12.459,22556,-0.70,-0.88,-0.10,1.13
18:30:12.476,22564,-0.70,-0.86,-0.07,1.11
18:30:12.477,22572,-0.65,-0.86,-0.08,1.08
18:30:12.484,22580,-0.61,-0.83,-0.09,1.03
18:30:12.494,22588,-0.55,-0.84,-0.14,1.02
18:30:12.498,22596,-0.59,-0.83,-0.20,1.04
18:30:12.509,22604,-0.60,-0.82,-0.20,1.03
18:30:12.515,22612,-0.60,-0.91,-0.26,1.12
18:30:12.523,22620,-0.69,-0.80,-0.21,1.08
18:30:12.535,22628,-0.70,-0.84,-0.21,1.11
18:30:12.539,22636,-0.71,-0.88,-0.14,1.14
18:30:12.549,22644,-0.69,-1.00,-0.13,1.22
18:30:12.559,22652,-0.76,-1.02,-0.10,1.28
18:30:12.564,22660,-0.91,-1.05,-0.06,1.39
18:30:12.572,22668,-1.01,-1.00,-0.03,1.42
18:30:12.582,22676,-1.07,-0.84,-0.00,1.36
18:30:12.587,22684,-1.12,-0.72,-0.03,1.33
18:30:12.596,22692,-1.21,-0.69,-0.09,1.39
18:30:12.606,22700,-1.31,-0.68,-0.18,1.49
18:30:12.611,22708,-1.31,-0.75,-0.21,1.52
18:30:12.622,22716,-1.36,-0.81,-0.22,1.60
18:30:12.627,22724,-1.25,-0.86,-0.26,1.54
18:30:12.635,22732,-1.13,-0.85,-0.29,1.44
18:30:12.645,22740,-0.86,-0.88,-0.41,1.29
18:30:12.651,22748,-0.62,-0.90,-0.45,1.18
18:30:12.660,22756,-0.37,-0.96,-0.41,1.11
18:30:12.667,22764,-0.16,-1.09,-0.19,1.12
18:30:12.675,22772,-0.00,-1.22,-0.08,1.22
18:30:12.685,22780,0.09,-1.35,0.05,1.35
18:30:12.694,22788,0.14,-1.59,0.08,1.59
18:30:12.698,22796,0.03,-1.82,0.10,1.83
18:30:12.707,22804,0.04,-1.91,0.01,1.91
18:30:12.716,22812,-0.05,-1.90,0.02,1.90
18:30:12.728,22820,-0.27,-1.56,0.03,1.58
18:30:12.731,22828,-0.34,-1.21,0.11,1.26
18:30:12.741,22836,-0.46,-0.91,0.21,1.03
18:30:12.747,22844,-0.55,-0.68,0.27,0.92
18:30:12.756,22852,-0.55,-0.64,0.31,0.90
18:30:12.764,22860,-0.45,-0.71,0.28,0.89
18:30:12.771,22868,-0.27,-0.86,0.20,0.92
18:30:12.781,22876,-0.15,-0.98,0.11,1.00
18:30:12.787,22884,0.00,-1.09,0.06,1.09
18:30:12.797,22892,0.11,-1.09,0.01,1.10
18:30:12.806,22900,0.19,-1.05,0.02,1.07
18:30:12.811,22908,0.17,-0.96,0.08,0.97
18:30:12.818,22916,0.11,-0.88,0.13,0.89
18:30:12.836,22924,0.03,-0.80,0.19,0.82
18:30:12.845,22932,0.02,-0.81,0.19,0.83
18:30:12.847,22940,0.01,-0.83,0.17,0.85
18:30:12.885,22948,0.02,-0.88,0.18,0.90
18:30:12.886,22956,0.03,-0.92,0.19,0.94
18:30:12.887,22964,0.03,-0.93,0.17,0.95
18:30:12.889,22972,0.06,-0.94,0.16,0.96
18:30:12.890,22980,0.09,-0.98,0.19,1.00
18:30:12.891,22988,0.08,-0.97,0.18,0.99
18:30:12.926,22996,0.07,-1.02,0.24,1.05
18:30:12.927,23004,0.04,-1.03,0.20,1.05
18:30:12.928,23012,0.01,-1.02,0.23,1.04
18:30:12.930,23020,-0.04,-0.97,0.30,1.02
18:30:12.931,23028,-0.08,-0.88,0.40,0.97
18:30:12.974,23036,-0.10,-0.87,0.42,0.97
18:30:12.974,23044,-0.13,-0.94,0.39,1.03
18:30:13.010,23052,-0.19,-0.98,0.35,1.06
18:30:13.012,23060,-0.19,-1.00,0.38,1.08
18:30:13.016,23068,-0.19,-1.04,0.33,1.11
18:30:13.016,23076,-0.17,-1.09,0.30,1.14
18:30:13.016,23084,-0.14,-1.13,0.27,1.17
18:30:13.053,23092,-0.13,-1.14,0.19,1.17
18:30:13.109,23100,-0.15,-1.17,0.12,1.19
18:30:13.109,23108,-0.21,-1.15,0.10,1.18
18:30:13.109,23116,-0.28,-1.13,0.13,1.17
18:30:13.124,23124,-0.34,-1.08,0.19,1.15
18:30:13.125,23132,-0.38,-1.04,0.20,1.12
18:30:13.139,23140,-0.42,-1.04,0.24,1.14
18:30:13.140,23148,-0.45,-0.89,0.30,1.04
18:30:13.141,23156,-0.60,-0.74,0.11,0.96
18:30:13.156,23164,-0.55,-0.74,0.13,0.93
18:30:13.156,23172,-0.49,-0.70,0.17,0.87
18:30:13.156,23180,-0.56,-0.73,0.08,0.93
18:30:13.156,23188,-0.66,-0.80,0.08,1.03
18:30:13.156,23196,-0.56,-0.89,-0.16,1.06
18:30:13.156,23204,-0.48,-0.83,-0.38,1.03
18:30:13.156,23212,-0.37,-0.73,-0.51,0.97
18:30:13.156,23220,-0.32,-0.64,-0.61,0.94
18:30:13.158,23228,-0.36,-0.52,-0.63,0.89
18:30:13.158,23236,-0.41,-0.52,-0.54,0.85
18:30:13.162,23244,-0.43,-0.56,-0.41,0.82
18:30:13.162,23252,-0.46,-0.54,-0.28,0.76
18:30:13.164,23260,-0.42,-0.60,-0.24,0.78
18:30:13.172,23268,-0.43,-0.66,-0.15,0.80
18:30:13.182,23276,-0.40,-0.83,-0.34,0.98
18:30:13.187,23284,-0.45,-0.69,-0.04,0.82
18:30:13.197,23292,-0.38,-0.80,0.01,0.89
18:30:13.206,23300,-0.33,-0.86,0.02,0.92
18:30:13.231,23308,-0.38,-0.97,-0.07,1.04
18:30:13.233,23316,-0.83,-0.99,-0.35,1.34
18:30:13.234,23324,-1.91,-1.26,-0.76,2.41
18:30:13.236,23332,-2.13,-1.20,-0.08,2.44
18:30:13.246,23340,-1.98,-1.29,-0.07,2.36
18:30:13.251,23348,-0.91,-1.32,0.29,1.63
18:30:13.261,23356,-0.62,-0.52,0.33,0.88
18:30:13.267,23364,-0.50,-0.24,0.10,0.56
18:30:13.278,23372,-0.23,-0.11,0.11,0.28
18:30:13.284,23380,-0.63,-0.53,0.65,1.05
18:30:13.292,23388,-0.89,-0.35,0.74,1.21
18:30:13.299,23396,-0.78,-1.05,0.75,1.51
18:30:13.314,23404,-0.55,-1.61,0.52,1.78
18:30:13.315,23412,-0.49,-1.66,0.41,1.77
18:30:13.324,23420,-0.63,-1.48,0.01,1.61
18:30:13.334,23428,-0.61,-1.04,0.03,1.20
18:30:13.339,23436,-0.41,-0.65,-0.11,0.78
18:30:13.353,23444,-0.63,-0.34,-0.19,0.74
18:30:13.355,23452,-0.35,-0.72,-0.00,0.80
18:30:13.364,23460,-0.67,-0.67,-0.50,1.07
18:30:13.375,23468,-0.54,-1.09,-0.43,1.29
18:30:13.379,23476,-0.38,-1.33,-0.45,1.46
18:30:13.389,23484,-0.26,-1.49,-0.59,1.63
18:30:13.395,23492,-0.23,-1.40,-0.57,1.53
18:30:13.404,23500,-0.19,-1.30,-0.91,1.60
18:30:13.411,23508,-0.31,-0.99,-0.80,1.31
18:30:13.423,23516,-0.57,-0.70,-0.50,1.03
18:30:13.428,23524,-0.76,-0.63,-0.12,0.99
18:30:13.436,23532,-0.90,-0.54,0.06,1.05
18:30:13.446,23540,-0.99,-0.57,0.09,1.15
18:30:13.451,23548,-1.06,-0.56,0.14,1.21
18:30:13.459,23556,-0.97,-0.67,0.08,1.18
18:30:13.469,23564,-0.75,-0.81,-0.21,1.12
18:30:13.478,23572,-0.63,-0.91,-0.42,1.18
18:30:13.484,23580,-0.55,-0.92,-0.46,1.16
18:30:13.492,23588,-0.51,-0.89,-0.53,1.16
18:30:13.502,23596,-0.52,-0.87,-0.60,1.17
18:30:13.508,23604,-0.58,-0.79,-0.54,1.12
18:30:13.516,23612,-0.71,-0.73,-0.32,1.06
18:30:13.531,23620,-0.78,-0.74,-0.20,1.09
18:30:13.534,23628,-0.80,-0.76,-0.15,1.11
18:30:13.539,23636,-0.78,-0.77,-0.17,1.11
18:30:13.550,23644,-0.75,-0.76,-0.26,1.10
18:30:13.555,23652,-0.71,-0.75,-0.28,1.07
18:30:13.564,23660,-0.71,-0.74,-0.27,1.06
18:30:13.574,23668,-0.70,-0.73,-0.29,1.06
18:30:13.579,23676,-0.70,-0.76,-0.30,1.08
18:30:13.615,23684,-0.68,-0.79,-0.30,1.09
18:30:13.617,23692,-0.65,-0.85,-0.31,1.11
18:30:13.618,23700,-0.63,-0.88,-0.33,1.13
18:30:13.619,23708,-0.64,-0.87,-0.34,1.13
18:30:13.620,23716,-0.63,-0.85,-0.31,1.11
18:30:13.650,23724,-0.64,-0.84,-0.26,1.09
18:30:13.650,23732,-0.65,-0.84,-0.24,1.09
18:30:13.652,23740,-0.66,-0.84,-0.26,1.10
18:30:13.654,23748,-0.63,-0.86,-0.25,1.10
18:30:13.684,23756,-0.62,-0.88,-0.26,1.11
18:30:13.684,23764,-0.63,-0.88,-0.24,1.10
18:30:13.685,23772,-0.64,-0.87,-0.26,1.11
18:30:13.686,23780,-0.65,-0.85,-0.27,1.10
18:30:13.724,23788,-0.69,-0.85,-0.24,1.12
18:30:13.725,23796,-0.73,-0.87,-0.21,1.15
18:30:13.727,23804,-0.75,-0.86,-0.20,1.16
18:30:13.727,23812,-0.74,-0.85,-0.22,1.15
18:30:13.729,23820,-0.72,-0.85,-0.27,1.15
18:30:13.765,23828,-0.68,-0.86,-0.31,1.14
18:30:13.767,23836,-0.66,-0.83,-0.34,1.11
18:30:13.767,23844,-0.68,-0.80,-0.31,1.10
18:30:13.768,23852,-0.71,-0.81,-0.29,1.11
18:30:13.770,23860,-0.72,-0.83,-0.31,1.15
18:30:13.771,23868,-0.70,-0.84,-0.32,1.14
18:30:13.806,23876,-0.68,-0.82,-0.32,1.11
18:30:13.807,23884,-0.65,-0.79,-0.30,1.07
18:30:13.809,23892,-0.64,-0.78,-0.30,1.05
18:30:13.810,23900,-0.64,-0.81,-0.29,1.07
18:30:13.811,23908,-0.64,-0.85,-0.28,1.11
18:30:13.821,23916,-0.65,-0.87,-0.28,1.12
18:30:13.830,23924,-0.64,-0.88,-0.28,1.12
18:30:13.835,23932,-0.64,-0.85,-0.24,1.09
18:30:13.845,23940,-0.66,-0.84,-0.22,1.09
18:30:13.851,23948,-0.66,-0.82,-0.18,1.06
18:30:13.860,23956,-0.66,-0.81,-0.16,1.06
18:30:13.869,23964,-0.66,-0.83,-0.17,1.08
18:30:13.878,23972,-0.67,-0.94,-0.28,1.18
18:30:13.888,23980,-0.61,-1.07,-0.30,1.27
18:30:13.892,23988,-0.70,-1.15,-0.24,1.37
18:30:13.900,23996,-0.95,-1.09,-0.19,1.46
18:30:13.908,24004,-1.02,-0.99,-0.16,1.43
18:30:13.917,24012,-1.00,-0.88,-0.18,1.34
18:30:13.925,24020,-1.05,-0.78,-0.22,1.33
18:30:13.934,24028,-1.17,-0.73,-0.28,1.41
18:30:13.939,24036,-1.30,-0.73,-0.35,1.53
18:30:13.948,24044,-1.40,-0.75,-0.35,1.63
18:30:13.957,24052,-1.39,-0.74,-0.32,1.61
18:30:13.963,24060,-1.30,-0.72,-0.32,1.52
18:30:13.972,24068,-1.09,-0.70,-0.40,1.36
18:30:13.979,24076,-0.83,-0.76,-0.52,1.24
18:30:13.988,24084,-0.60,-0.82,-0.52,1.14
18:30:13.996,24092,-0.38,-0.92,-0.47,1.10
18:30:14.005,24100,-0.20,-1.02,-0.27,1.08
18:30:14.015,24108,-0.03,-1.20,-0.10,1.20
18:30:14.018,24116,0.08,-1.36,0.01,1.36
18:30:14.027,24124,0.18,-1.61,-0.03,1.62
18:30:14.036,24132,0.12,-1.81,-0.18,1.83
18:30:14.043,24140,0.09,-2.00,-0.22,2.01
18:30:14.053,24148,-0.05,-2.00,-0.36,2.04
18:30:14.059,24156,-0.25,-1.75,-0.29,1.79
18:30:14.072,24164,-0.22,-1.39,-0.01,1.41
18:30:14.075,24172,-0.31,-1.09,0.13,1.14
18:30:14.091,24180,-0.43,-0.84,0.20,0.96
18:30:14.092,24188,-0.52,-0.70,0.25,0.91
18:30:14.099,24196,-0.48,-0.67,0.28,0.87
18:30:14.110,24204,-0.29,-0.75,0.27,0.85
18:30:14.115,24212,-0.15,-0.88,0.12,0.90
18:30:14.132,24220,-0.04,-0.98,0.02,0.98
18:30:14.134,24228,0.08,-1.03,-0.04,1.04
18:30:14.138,24236,0.19,-1.03,-0.08,1.05
18:30:14.148,24244,0.24,-0.98,-0.07,1.01
18:30:14.155,24252,0.23,-0.91,-0.05,0.94
18:30:14.166,24260,0.16,-0.89,0.00,0.91
18:30:14.171,24268,0.14,-0.90,0.05,0.91
18:30:14.181,24276,0.14,-0.91,0.08,0.93
18:30:14.187,24284,0.12,-0.92,0.07,0.93
18:30:14.196,24292,0.11,-0.94,0.06,0.94
18:30:14.204,24300,0.11,-0.93,0.09,0.94
18:30:14.212,24308,0.14,-0.94,0.07,0.95
18:30:14.219,24316,0.15,-0.94,0.08,0.96
18:30:14.227,24324,0.12,-0.96,0.08,0.97
18:30:14.239,24332,0.10,-0.95,0.13,0.97
18:30:14.244,24340,0.06,-0.98,0.10,0.99
18:30:14.254,24348,0.02,-0.96,0.10,0.97
18:30:14.259,24356,-0.02,-0.96,0.16,0.97
18:30:14.269,24364,-0.06,-0.95,0.20,0.97
18:30:14.275,24372,-0.13,-0.97,0.22,1.00
18:30:14.285,24380,-0.16,-0.97,0.25,1.02
18:30:14.294,24388,-0.18,-1.00,0.21,1.04
18:30:14.300,24396,-0.18,-1.08,0.17,1.11
18:30:14.315,24404,-0.16,-1.14,0.11,1.16
18:30:14.316,24412,-0.13,-1.18,0.05,1.19
18:30:14.388,24420,-0.08,-1.23,-0.01,1.23
18:30:14.389,24428,-0.08,-1.26,-0.06,1.27
18:30:14.390,24436,-0.10,-1.24,-0.09,1.25
18:30:14.391,24444,-0.15,-1.19,-0.03,1.20
18:30:14.428,24452,-0.21,-1.15,0.06,1.17
18:30:14.594,24460,-0.28,-1.13,0.12,1.17
18:30:14.598,24468,-0.31,-1.08,0.26,1.15
18:30:14.598,24476,-0.49,-0.92,0.08,1.05
18:30:14.598,24484,-0.58,-0.80,0.08,0.99
18:30:14.598,24492,-0.58,-0.73,0.15,0.95
18:30:14.598,24500,-0.62,-0.67,0.19,0.93
18:30:14.598,24508,-0.62,-0.74,0.15,0.98
18:30:14.598,24516,-0.63,-0.91,0.08,1.11
18:30:14.598,24524,-0.61,-1.02,-0.11,1.19
18:30:14.598,24532,-0.54,-1.19,-0.44,1.38
18:30:14.598,24540,-0.34,-1.04,-0.48,1.20
18:30:14.599,24548,-0.16,-0.91,-0.61,1.11
18:30:14.601,24556,-0.25,-0.64,-0.69,0.97
18:30:14.605,24564,-0.35,-0.52,-0.51,0.81
18:30:14.608,24572,-0.50,-0.45,-0.28,0.72
18:30:14.608,24580,-0.63,-0.45,-0.21,0.80
18:30:14.608,24588,-0.69,-0.46,-0.12,0.84
18:30:14.608,24596,-0.70,-0.51,-0.06,0.87
18:30:14.608,24604,-0.67,-0.55,-0.00,0.87
18:30:14.608,24612,-0.62,-0.60,0.04,0.86
18:30:14.608,24620,-0.52,-0.64,0.03,0.83
18:30:14.608,24628,-0.42,-0.75,-0.07,0.86
18:30:14.608,24636,-0.38,-0.85,-0.13,0.94
18:30:14.608,24644,-0.38,-0.94,-0.16,1.03
18:30:14.608,24652,-0.89,-1.01,-0.47,1.43
18:30:14.608,24660,-1.54,-1.19,-0.55,2.02
18:30:14.615,24668,-1.70,-1.09,-0.09,2.02
18:30:14.615,24676,-1.43,-1.09,0.07,1.80
18:30:14.615,24684,-1.16,-0.77,0.33,1.43
18:30:14.615,24692,-1.05,-0.35,0.30,1.15
18:30:14.615,24700,-1.01,-0.19,0.11,1.03
18:30:14.615,24708,-0.85,-0.48,-0.03,0.98
18:30:14.621,24716,-0.77,-0.71,-0.08,1.05
18:30:14.631,24724,-0.62,-1.13,-0.29,1.32
18:30:14.635,24732,-0.48,-1.37,-0.24,1.47
18:30:14.645,24740,-0.33,-1.59,-0.20,1.64
18:30:14.652,24748,-0.30,-1.43,-0.33,1.50
18:30:14.659,24756,-0.42,-0.96,-0.35,1.10
18:30:14.676,24764,-0.57,-0.83,-0.20,1.03
18:30:14.676,24772,-0.69,-0.45,0.01,0.82
18:30:14.685,24780,-0.85,-0.47,0.07,0.97
18:30:14.694,24788,-0.77,-0.80,-0.03,1.11
18:30:14.698,24796,-0.67,-1.04,-0.27,1.26
18:30:14.711,24804,-0.58,-1.11,-0.49,1.34
18:30:14.714,24812,-0.48,-1.10,-0.52,1.30
18:30:14.723,24820,-0.43,-1.05,-0.56,1.27
18:30:14.731,24828,-0.48,-0.95,-0.59,1.22
18:30:14.740,24836,-0.58,-0.80,-0.55,1.13
18:30:14.748,24844,-0.68,-0.73,-0.34,1.05
18:30:14.755,24852,-0.80,-0.69,-0.24,1.08
18:30:14.772,24860,-0.85,-0.70,-0.20,1.12
18:30:14.774,24868,-0.87,-0.69,-0.16,1.12
18:30:14.779,24876,-0.81,-0.72,-0.18,1.10
18:30:14.788,24884,-0.74,-0.77,-0.27,1.10
18:30:14.803,24892,-0.68,-0.85,-0.31,1.13
18:30:14.804,24900,-0.65,-0.86,-0.34,1.13
18:30:14.814,24908,-0.63,-0.86,-0.36,1.12
18:30:14.820,24916,-0.63,-0.86,-0.35,1.12
18:30:14.834,24924,-0.67,-0.83,-0.31,1.12
18:30:14.835,24932,-0.69,-0.82,-0.27,1.11
18:30:14.845,24940,-0.70,-0.82,-0.26,1.10
18:30:14.854,24948,-0.70,-0.81,-0.24,1.10
18:30:14.859,24956,-0.71,-0.81,-0.23,1.10
18:30:14.868,24964,-0.70,-0.82,-0.22,1.10
18:30:14.875,24972,-0.69,-0.84,-0.23,1.11
18:30:14.884,24980,-0.68,-0.84,-0.24,1.11
18:30:14.891,24988,-0.69,-0.82,-0.23,1.10
18:30:14.901,24996,-0.69,-0.82,-0.26,1.10
18:30:14.912,25004,-0.69,-0.82,-0.28,1.11
18:30:14.915,25012,-0.68,-0.83,-0.31,1.12
18:30:14.927,25020,-0.69,-0.83,-0.33,1.13
18:30:14.932,25028,-0.68,-0.82,-0.34,1.12
18:30:14.940,25036,-0.68,-0.81,-0.36,1.12
18:30:14.950,25044,-0.66,-0.82,-0.36,1.11
18:30:14.955,25052,-0.65,-0.82,-0.36,1.11
18:30:14.964,25060,-0.64,-0.84,-0.33,1.11
18:30:14.971,25068,-0.64,-0.86,-0.32,1.12
18:30:14.979,25076,-0.66,-0.86,-0.29,1.12
18:30:14.995,25084,-0.67,-0.85,-0.27,1.12
18:30:14.995,25092,-0.70,-0.80,-0.24,1.10
18:30:15.047,25100,-0.72,-0.77,-0.25,1.09
18:30:15.047,25108,-0.73,-0.76,-0.28,1.08
18:30:15.048,25116,-0.72,-0.77,-0.30,1.10
18:30:15.050,25124,-0.72,-0.78,-0.33,1.11
18:30:15.051,25132,-0.72,-0.78,-0.35,1.12
18:30:15.053,25140,-0.73,-0.78,-0.36,1.12
18:30:15.088,25148,-0.74,-0.77,-0.36,1.13
18:30:15.088,25156,-0.73,-0.74,-0.36,1.10
18:30:15.091,25164,-0.72,-0.73,-0.36,1.09
18:30:15.097,25172,-0.74,-0.71,-0.36,1.09
18:30:15.097,25180,-0.74,-0.70,-0.36,1.08
18:30:15.097,25188,-0.73,-0.71,-0.36,1.08
18:30:15.132,25196,-0.70,-0.75,-0.37,1.09
18:30:15.132,25204,-0.67,-0.80,-0.37,1.10
18:30:15.134,25212,-0.66,-0.84,-0.35,1.12
18:30:15.134,25220,-0.64,-0.87,-0.32,1.13
18:30:15.135,25228,-0.62,-0.91,-0.32,1.15
18:30:15.172,25236,-0.63,-0.92,-0.29,1.15
18:30:15.173,25244,-0.64,-0.91,-0.24,1.13
18:30:15.174,25252,-0.64,-0.86,-0.20,1.09
18:30:15.176,25260,-0.65,-0.82,-0.15,1.06
18:30:15.177,25268,-0.65,-0.83,-0.13,1.06
18:30:15.211,25276,-0.66,-0.85,-0.13,1.09
18:30:15.211,25284,-0.68,-0.87,-0.16,1.11
18:30:15.213,25292,-0.69,-0.85,-0.18,1.11
18:30:15.213,25300,-0.68,-0.83,-0.23,1.10
18:30:15.215,25308,-0.66,-0.83,-0.28,1.10
18:30:15.236,25316,-0.66,-0.80,-0.30,1.08
18:30:15.237,25324,-0.66,-0.77,-0.31,1.06
18:30:15.239,25332,-0.67,-0.76,-0.29,1.05
18:30:15.243,25340,-0.67,-0.78,-0.29,1.07
18:30:15.254,25348,-0.66,-0.82,-0.28,1.09
18:30:15.258,25356,-0.67,-0.84,-0.27,1.11
18:30:15.267,25364,-0.68,-0.84,-0.26,1.11
18:30:15.275,25372,-0.69,-0.82,-0.24,1.10
18:30:15.285,25380,-0.69,-0.80,-0.23,1.08
18:30:15.291,25388,-0.71,-0.78,-0.23,1.08
18:30:15.300,25396,-0.69,-0.78,-0.25,1.07
18:30:15.307,25404,-0.68,-0.79,-0.26,1.07
18:30:15.318,25412,-0.67,-0.79,-0.25,1.07
18:30:15.323,25420,-0.67,-0.81,-0.24,1.08
18:30:15.331,25428,-0.68,-0.81,-0.23,1.08
18:30:15.340,25436,-0.69,-0.81,-0.22,1.08
18:30:15.349,25444,-0.68,-0.84,-0.22,1.10
18:30:15.355,25452,-0.67,-0.86,-0.25,1.11
18:30:15.364,25460,-0.64,-0.86,-0.26,1.10
18:30:15.371,25468,-0.63,-0.85,-0.28,1.09
18:30:15.382,25476,-0.64,-0.83,-0.28,1.09
18:30:15.387,25484,-0.64,-0.83,-0.28,1.09
18:30:15.398,25492,-0.64,-0.83,-0.26,1.08
18:30:15.403,25500,-0.65,-0.83,-0.26,1.09
18:30:15.411,25508,-0.66,-0.84,-0.24,1.09
18:30:15.420,25516,-0.66,-0.84,-0.24,1.09
18:30:15.430,25524,-0.65,-0.84,-0.24,1.09
18:30:15.435,25532,-0.66,-0.85,-0.24,1.10
18:30:15.446,25540,-0.65,-0.84,-0.26,1.10
18:30:15.451,25548,-0.64,-0.83,-0.25,1.07
